http://dbpedia.org/ontology/AcademicConference,false,false,false,false,false,false,false,false,false,false,false,true,14,14,1,false
http://dbpedia.org/ontology/BloodVessel,false,false,false,false,false,false,false,false,false,false,false,true,14,14,1,false
http://dbpedia.org/ontology/Canton,false,false,false,false,false,false,false,false,false,false,false,true,14,14,1,false
http://dbpedia.org/ontology/Cat,false,false,false,false,false,false,false,false,false,false,false,true,14,14,1,false
http://dbpedia.org/ontology/Creek,false,false,false,false,false,false,false,false,false,false,false,true,14,14,1,false
http://dbpedia.org/ontology/Dike,false,false,false,false,false,false,false,false,false,false,false,true,14,14,1,false
http://dbpedia.org/ontology/Fiefdom,false,false,false,false,false,false,false,false,false,false,false,true,14,14,1,false
http://dbpedia.org/ontology/GovernmentCabinet,false,false,false,false,false,false,false,false,false,false,false,true,14,14,1,false
http://dbpedia.org/ontology/HistoricalAreaOfAuthority,false,false,false,false,false,false,false,false,false,false,false,true,14,14,1,false
http://dbpedia.org/ontology/Soccer,false,false,false,false,false,false,false,false,false,false,false,true,14,14,1,false
http://dbpedia.org/ontology/TeamSport,false,false,false,false,false,false,false,false,false,false,false,true,14,14,1,false
http://dbpedia.org/ontology/TrainCarriage,false,false,false,false,false,false,false,false,false,false,false,true,14,14,1,false
http://dbpedia.org/ontology/Tram,false,false,false,false,false,false,false,false,false,false,false,true,14,14,1,false
http://dbpedia.org/ontology/TramStation,false,false,false,false,false,false,false,false,false,false,false,true,14,14,1,false
http://dbpedia.org/ontology/Treaty,false,false,false,false,false,false,false,false,false,false,false,true,14,14,1,false
http://dbpedia.org/ontology/AcademicJournal,false,false,false,false,false,true,true,true,true,true,true,true,8,14,7,false
http://dbpedia.org/ontology/Activity,false,false,false,true,true,true,true,true,true,true,true,true,6,14,9,false
http://dbpedia.org/ontology/AdministrativeRegion,false,false,false,true,true,true,true,true,true,true,true,true,6,14,9,false
http://dbpedia.org/ontology/Agent,false,false,false,false,false,false,true,true,true,true,true,true,9,14,6,false
http://dbpedia.org/ontology/Ambassador,false,false,false,true,true,true,true,true,true,true,true,true,6,14,9,false
http://dbpedia.org/ontology/AmericanFootballLeague,false,false,false,true,true,true,true,true,true,true,true,true,6,14,9,false
http://dbpedia.org/ontology/AmericanFootballPlayer,false,false,false,true,true,true,true,true,true,true,true,true,6,14,9,false
http://dbpedia.org/ontology/AmericanFootballTeam,false,false,false,true,true,true,true,true,true,true,true,true,6,14,9,false
http://dbpedia.org/ontology/ArchitecturalStructure,false,false,false,false,false,true,true,true,true,true,true,true,8,14,7,false
http://dbpedia.org/ontology/Arena,false,false,false,false,true,true,true,true,true,true,true,true,7,14,8,false
http://dbpedia.org/ontology/Artwork,false,false,false,false,false,false,true,true,true,true,true,true,9,14,6,false
http://dbpedia.org/ontology/Asteroid,false,false,false,false,false,true,true,true,true,true,true,true,8,14,7,false
http://dbpedia.org/ontology/Atoll,false,false,false,false,true,true,true,true,true,true,true,true,7,14,8,false
http://dbpedia.org/ontology/AustralianFootballLeague,false,false,false,true,true,true,true,true,true,true,true,true,6,14,9,false
http://dbpedia.org/ontology/AustralianRulesFootballPlayer,false,false,false,false,false,true,true,true,true,true,true,true,8,14,7,false
http://dbpedia.org/ontology/AutoRacingLeague,false,false,false,true,true,true,true,true,true,true,true,true,6,14,9,false
http://dbpedia.org/ontology/BaseballLeague,false,false,false,true,true,true,true,true,true,true,true,true,6,14,9,false
http://dbpedia.org/ontology/BaseballTeam,false,false,false,false,false,false,true,true,true,true,true,true,9,14,6,false
http://dbpedia.org/ontology/BasketballLeague,false,false,false,true,true,true,true,true,true,true,true,true,6,14,9,false
http://dbpedia.org/ontology/BasketballTeam,false,false,false,false,true,true,true,true,true,true,true,true,7,14,8,false
http://dbpedia.org/ontology/BiologicalDatabase,false,false,false,false,false,true,true,true,true,true,true,true,8,14,7,false
http://dbpedia.org/ontology/Biomolecule,false,false,false,false,false,false,true,true,true,true,true,true,9,14,6,false
http://dbpedia.org/ontology/BowlingLeague,false,false,false,true,true,true,true,true,true,true,true,true,6,14,9,false
http://dbpedia.org/ontology/BoxingLeague,false,false,false,true,true,true,true,true,true,true,true,true,6,14,9,false
http://dbpedia.org/ontology/BroadcastNetwork,false,false,false,false,false,true,true,true,true,true,true,true,8,14,7,false
http://dbpedia.org/ontology/Broadcaster,false,false,false,false,false,true,true,true,true,true,true,true,8,14,7,false
http://dbpedia.org/ontology/BullFighter,false,false,false,false,false,false,true,true,true,true,true,true,9,14,6,false
http://dbpedia.org/ontology/CanadianFootballLeague,false,false,false,true,true,true,true,true,true,true,true,true,6,14,9,false
http://dbpedia.org/ontology/CanadianFootballPlayer,false,false,false,true,true,true,true,true,true,true,true,true,6,14,9,false
http://dbpedia.org/ontology/CanadianFootballTeam,false,false,false,true,true,true,true,true,true,true,true,true,6,14,9,false
http://dbpedia.org/ontology/CelestialBody,false,false,false,false,false,false,true,true,true,true,true,true,9,14,6,false
http://dbpedia.org/ontology/ChemicalElement,false,false,false,false,false,true,true,true,true,true,true,true,8,14,7,false
http://dbpedia.org/ontology/ChemicalSubstance,false,false,false,false,false,true,true,true,true,true,true,true,8,14,7,false
http://dbpedia.org/ontology/ChessPlayer,false,false,false,false,false,true,true,true,true,true,true,true,8,14,7,false
http://dbpedia.org/ontology/ChristianPatriarch,false,false,false,false,false,false,true,true,true,true,true,true,9,14,6,false
http://dbpedia.org/ontology/Church,false,false,false,false,false,false,true,true,true,true,true,true,9,14,6,false
http://dbpedia.org/ontology/Colour,false,false,false,true,true,true,true,true,true,true,true,true,6,14,9,false
http://dbpedia.org/ontology/ComicBook,false,false,false,false,false,false,true,false,false,false,false,false,9,9,1,false
http://dbpedia.org/ontology/Constellation,false,false,false,false,false,false,true,true,true,true,true,true,9,14,6,false
http://dbpedia.org/ontology/CricketLeague,false,false,false,true,true,true,true,true,true,true,true,true,6,14,9,false
http://dbpedia.org/ontology/CurlingLeague,false,false,false,true,true,true,true,true,true,true,true,true,6,14,9,false
http://dbpedia.org/ontology/CyclingLeague,false,false,false,true,true,true,true,true,true,true,true,true,6,14,9,false
http://dbpedia.org/ontology/Database,false,false,false,false,false,true,true,true,true,true,true,true,8,14,7,false
http://dbpedia.org/ontology/Decoration,false,false,false,false,false,false,true,true,true,true,true,true,9,14,6,false
http://dbpedia.org/ontology/Deputy,false,false,false,true,true,true,true,true,true,true,true,true,6,14,9,false
http://dbpedia.org/ontology/Election,false,false,false,false,true,true,true,true,true,true,true,true,7,14,8,false
http://dbpedia.org/ontology/FieldHockeyLeague,false,false,false,true,true,true,true,true,true,true,true,true,6,14,9,false
http://dbpedia.org/ontology/Flag,false,false,false,false,false,false,true,true,true,true,true,true,9,14,6,false
http://dbpedia.org/ontology/Food,false,false,false,false,false,true,true,true,true,true,true,true,8,14,7,false
http://dbpedia.org/ontology/FootballMatch,false,false,false,false,false,true,true,true,true,true,true,true,8,14,7,false
http://dbpedia.org/ontology/FormulaOneRacing,false,false,false,false,false,false,true,true,true,true,true,true,9,14,6,false
http://dbpedia.org/ontology/Galaxy,false,false,false,false,false,false,true,true,true,true,true,true,9,14,6,false
http://dbpedia.org/ontology/Game,false,false,false,true,true,true,true,true,true,true,true,true,6,14,9,false
http://dbpedia.org/ontology/Gene,false,false,false,false,false,true,true,true,true,true,true,true,8,14,7,false
http://dbpedia.org/ontology/GeneLocation,false,false,false,false,false,false,true,true,true,true,true,true,9,14,6,false
http://dbpedia.org/ontology/GeopoliticalOrganisation,false,false,false,true,true,true,true,true,true,true,true,true,6,14,9,false
http://dbpedia.org/ontology/GivenName,false,false,false,false,false,true,true,true,true,true,true,true,8,14,7,false
http://dbpedia.org/ontology/GolfLeague,false,false,false,true,true,true,true,true,true,true,true,true,6,14,9,false
http://dbpedia.org/ontology/GolfPlayer,false,false,false,false,true,true,true,true,true,true,true,true,7,14,8,false
http://dbpedia.org/ontology/GovernmentAgency,false,false,false,false,false,true,true,true,true,true,true,true,8,14,7,false
http://dbpedia.org/ontology/GovernmentType,false,false,false,false,true,true,true,true,true,true,true,true,7,14,8,false
http://dbpedia.org/ontology/GridironFootballPlayer,false,false,false,true,true,true,true,true,true,true,true,true,6,14,9,false
http://dbpedia.org/ontology/HandballLeague,false,false,false,true,true,true,true,true,true,true,true,true,6,14,9,false
http://dbpedia.org/ontology/Holiday,false,false,false,false,false,true,true,true,true,true,true,true,8,14,7,false
http://dbpedia.org/ontology/Hotel,false,false,false,false,true,true,true,true,true,true,true,true,7,14,8,false
http://dbpedia.org/ontology/HumanGene,false,false,false,false,false,false,true,true,true,true,true,true,9,14,6,false
http://dbpedia.org/ontology/HumanGeneLocation,false,false,false,false,false,false,true,true,true,true,true,true,9,14,6,false
http://dbpedia.org/ontology/IceHockeyLeague,false,false,false,true,true,true,true,true,true,true,true,true,6,14,9,false
http://dbpedia.org/ontology/Ideology,false,false,false,false,false,true,true,true,true,true,true,true,8,14,7,false
http://dbpedia.org/ontology/InlineHockeyLeague,false,false,false,true,true,true,true,true,true,true,true,true,6,14,9,false
http://dbpedia.org/ontology/Instrument,false,false,false,false,true,true,true,true,true,true,true,true,7,14,8,false
http://dbpedia.org/ontology/LacrosseLeague,false,false,false,true,true,true,true,true,true,true,true,true,6,14,9,false
http://dbpedia.org/ontology/LawFirm,false,false,false,false,false,true,true,true,true,true,true,true,8,14,7,false
http://dbpedia.org/ontology/LegalCase,false,false,false,false,true,true,true,true,true,true,true,true,7,14,8,false
http://dbpedia.org/ontology/Letter,false,false,false,false,false,false,true,true,true,true,true,true,9,14,6,false
http://dbpedia.org/ontology/Library,false,false,false,false,false,true,true,true,true,true,true,true,8,14,7,false
http://dbpedia.org/ontology/Lieutenant,false,false,false,true,true,true,true,true,true,true,true,true,6,14,9,false
http://dbpedia.org/ontology/Locomotive,false,false,false,false,true,true,true,true,true,true,true,true,7,14,8,false
http://dbpedia.org/ontology/MartialArtist,false,false,false,false,false,true,true,true,true,true,true,true,8,14,7,false
http://dbpedia.org/ontology/Mineral,false,false,false,false,false,false,true,true,true,true,true,true,9,14,6,false
http://dbpedia.org/ontology/MixedMartialArtsLeague,false,false,false,true,true,true,true,true,true,true,true,true,6,14,9,false
http://dbpedia.org/ontology/Monument,false,false,false,true,true,true,true,true,true,true,true,true,6,14,9,false
http://dbpedia.org/ontology/MotorcycleRacingLeague,false,false,false,true,true,true,true,true,true,true,true,true,6,14,9,false
http://dbpedia.org/ontology/MountainPass,false,false,false,true,true,true,true,true,true,true,true,true,6,14,9,false
http://dbpedia.org/ontology/MountainRange,false,false,false,true,true,true,true,true,true,true,true,true,6,14,9,false
http://dbpedia.org/ontology/MouseGene,false,false,false,false,false,false,true,true,true,true,true,true,9,14,6,false
http://dbpedia.org/ontology/MouseGeneLocation,false,false,false,false,false,false,true,true,true,true,true,true,9,14,6,false
http://dbpedia.org/ontology/Museum,false,false,false,false,true,true,true,true,true,true,true,true,7,14,8,false
http://dbpedia.org/ontology/Name,false,false,false,false,false,true,true,true,true,true,true,true,8,14,7,false
http://dbpedia.org/ontology/NationalSoccerClub,false,false,false,false,false,false,true,true,true,true,true,true,9,14,6,false
http://dbpedia.org/ontology/NaturalPlace,false,false,false,false,false,true,true,true,true,true,true,true,8,14,7,false
http://dbpedia.org/ontology/OrganisationMember,false,false,false,false,false,false,true,true,true,true,true,true,9,14,6,false
http://dbpedia.org/ontology/PaintballLeague,false,false,false,true,true,true,true,true,true,true,true,true,6,14,9,false
http://dbpedia.org/ontology/Painting,false,false,false,false,true,true,true,true,true,true,true,true,7,14,8,false
http://dbpedia.org/ontology/PeriodicalLiterature,false,false,false,false,false,true,true,true,true,true,true,true,8,14,7,false
http://dbpedia.org/ontology/PersonFunction,false,false,false,true,true,true,true,true,true,true,true,true,6,14,9,false
http://dbpedia.org/ontology/Play,false,false,false,false,false,true,true,true,true,true,true,true,8,14,7,false
http://dbpedia.org/ontology/PolishKing,false,false,false,false,false,true,true,true,true,false,false,false,8,11,4,false
http://dbpedia.org/ontology/PoliticalParty,false,false,false,false,true,true,true,true,true,true,true,true,7,14,8,false
http://dbpedia.org/ontology/PoloLeague,false,false,false,true,true,true,true,true,true,true,true,true,6,14,9,false
http://dbpedia.org/ontology/PowerStation,false,false,false,false,true,true,true,true,true,true,true,true,7,14,8,false
http://dbpedia.org/ontology/Priest,false,false,false,false,true,true,true,true,true,true,true,true,7,14,8,false
http://dbpedia.org/ontology/ProgrammingLanguage,false,false,false,false,false,true,true,true,true,true,true,true,8,14,7,false
http://dbpedia.org/ontology/Project,false,false,false,false,false,true,true,true,true,true,true,true,8,14,7,false
http://dbpedia.org/ontology/PublicTransitSystem,false,false,false,false,false,true,true,true,true,true,true,true,8,14,7,false
http://dbpedia.org/ontology/RadioControlledRacingLeague,false,false,false,true,true,true,true,true,true,true,true,true,6,14,9,false
http://dbpedia.org/ontology/RailwayLine,false,false,false,false,false,true,true,true,true,true,true,true,8,14,7,false
http://dbpedia.org/ontology/RailwayTunnel,false,false,false,false,false,true,true,true,true,true,true,true,8,14,7,false
http://dbpedia.org/ontology/Referee,false,false,false,false,false,false,true,true,true,true,true,true,9,14,6,false
http://dbpedia.org/ontology/ReligiousBuilding,false,false,false,false,false,false,true,true,true,true,true,true,9,14,6,false
http://dbpedia.org/ontology/ResearchProject,false,false,false,false,false,true,true,true,true,true,true,true,8,14,7,false
http://dbpedia.org/ontology/Restaurant,false,false,false,false,true,true,true,true,true,true,true,true,7,14,8,false
http://dbpedia.org/ontology/RoadJunction,false,false,false,false,false,true,true,true,true,true,true,true,8,14,7,false
http://dbpedia.org/ontology/RoadTunnel,false,false,false,false,false,true,true,true,true,true,true,true,8,14,7,false
http://dbpedia.org/ontology/RouteOfTransportation,false,false,false,false,false,true,true,true,true,true,true,true,8,14,7,false
http://dbpedia.org/ontology/Royalty,false,false,false,false,false,true,true,true,true,true,true,true,8,14,7,false
http://dbpedia.org/ontology/RugbyClub,false,false,false,false,false,false,true,true,true,true,true,true,9,14,6,false
http://dbpedia.org/ontology/RugbyLeague,false,false,false,true,true,true,true,true,true,true,true,true,6,14,9,false
http://dbpedia.org/ontology/Sales,false,false,false,true,true,true,true,true,true,true,true,true,6,14,9,false
http://dbpedia.org/ontology/SambaSchool,false,false,false,false,false,false,true,true,true,true,true,true,9,14,6,false
http://dbpedia.org/ontology/Sculpture,false,false,false,false,true,true,true,true,true,true,true,true,7,14,8,false
http://dbpedia.org/ontology/Settlement,false,false,false,true,true,true,true,true,true,true,true,true,6,14,9,false
http://dbpedia.org/ontology/SnookerChamp,false,false,false,false,false,true,true,true,true,true,true,true,8,14,7,false
http://dbpedia.org/ontology/SnookerPlayer,false,false,false,false,false,true,true,true,true,true,true,true,8,14,7,false
http://dbpedia.org/ontology/SnookerWorldRanking,false,false,false,false,false,true,true,true,true,true,true,true,8,14,7,false
http://dbpedia.org/ontology/SoccerClubSeason,false,false,false,false,false,false,true,true,true,true,true,true,9,14,6,false
http://dbpedia.org/ontology/SoccerLeague,false,false,false,true,true,true,true,true,true,true,true,true,6,14,9,false
http://dbpedia.org/ontology/SoccerLeagueSeason,false,false,false,false,false,false,true,true,true,true,true,true,9,14,6,false
http://dbpedia.org/ontology/SoccerManager,false,false,false,true,true,true,true,true,true,true,true,true,6,14,9,false
http://dbpedia.org/ontology/SoccerTournament,false,false,false,false,false,false,true,true,true,true,true,true,9,14,6,false
http://dbpedia.org/ontology/SoftballLeague,false,false,false,true,true,true,true,true,true,true,true,true,6,14,9,false
http://dbpedia.org/ontology/SpeedwayLeague,false,false,false,true,true,true,true,true,true,true,true,true,6,14,9,false
http://dbpedia.org/ontology/SpeedwayTeam,false,false,false,false,false,true,true,true,true,true,true,true,8,14,7,false
http://dbpedia.org/ontology/Sport,false,false,false,true,true,true,true,true,true,true,true,true,6,14,9,false
http://dbpedia.org/ontology/SportsLeague,false,false,false,true,true,true,true,true,true,true,true,true,6,14,9,false
http://dbpedia.org/ontology/SportsTeamMember,false,false,false,false,false,false,true,true,true,true,true,true,9,14,6,false
http://dbpedia.org/ontology/SportsTeamSeason,false,false,false,false,false,false,true,true,true,true,true,true,9,14,6,false
http://dbpedia.org/ontology/Stream,false,false,false,true,true,true,true,true,true,true,true,true,6,14,9,false
http://dbpedia.org/ontology/Surname,false,false,false,false,false,true,true,true,true,true,true,true,8,14,7,false
http://dbpedia.org/ontology/Swimmer,false,false,false,false,false,false,true,true,true,true,true,true,9,14,6,false
http://dbpedia.org/ontology/Tax,false,false,false,false,false,false,true,true,true,true,true,true,9,14,6,false
http://dbpedia.org/ontology/TeamMember,false,false,false,false,false,false,true,true,true,true,true,true,9,14,6,false
http://dbpedia.org/ontology/TelevisionSeason,false,false,false,false,false,false,true,true,true,true,true,true,9,14,6,false
http://dbpedia.org/ontology/TelevisionStation,false,false,false,false,false,true,true,true,true,true,true,true,8,14,7,false
http://dbpedia.org/ontology/TennisLeague,false,false,false,true,true,true,true,true,true,true,true,true,6,14,9,false
http://dbpedia.org/ontology/TennisTournament,false,false,false,false,false,false,true,true,true,true,true,true,9,14,6,false
http://dbpedia.org/ontology/Theatre,false,false,false,false,false,true,true,true,true,true,true,true,8,14,7,false
http://dbpedia.org/ontology/TopicalConcept,false,false,false,false,false,false,true,true,true,true,true,true,9,14,6,false
http://dbpedia.org/ontology/Town,false,false,false,true,true,true,true,true,true,true,true,true,6,14,9,false
http://dbpedia.org/ontology/Tunnel,false,false,false,false,false,true,true,true,true,true,true,true,8,14,7,false
http://dbpedia.org/ontology/Unknown,false,false,false,false,false,false,true,true,true,true,true,true,9,14,6,false
http://dbpedia.org/ontology/Valley,false,false,false,true,true,true,true,true,true,true,true,true,6,14,9,false
http://dbpedia.org/ontology/VicePresident,false,false,false,true,true,true,true,true,true,true,true,true,6,14,9,false
http://dbpedia.org/ontology/VicePrimeMinister,false,false,false,true,true,true,true,true,true,true,true,true,6,14,9,false
http://dbpedia.org/ontology/VideogamesLeague,false,false,false,true,true,true,true,true,true,true,true,true,6,14,9,false
http://dbpedia.org/ontology/Village,false,false,false,true,true,true,true,true,true,true,true,true,6,14,9,false
http://dbpedia.org/ontology/Volcano,false,false,false,false,false,false,true,true,true,true,true,true,9,14,6,false
http://dbpedia.org/ontology/VolleyballLeague,false,false,false,true,true,true,true,true,true,true,true,true,6,14,9,false
http://dbpedia.org/ontology/VolleyballPlayer,false,false,false,false,false,true,true,true,true,true,true,true,8,14,7,false
http://dbpedia.org/ontology/WaterwayTunnel,false,false,false,false,false,true,true,true,true,true,true,true,8,14,7,false
http://dbpedia.org/ontology/WrittenWork,false,false,false,false,false,true,true,true,true,true,true,true,8,14,7,false
http://dbpedia.org/ontology/Year,false,false,false,false,false,false,true,true,true,true,true,true,9,14,6,false
http://dbpedia.org/ontology/Agglomeration,false,false,false,false,false,false,false,false,true,true,true,true,11,14,4,false
http://dbpedia.org/ontology/Altitude,false,false,false,false,false,false,false,false,true,true,true,true,11,14,4,false
http://dbpedia.org/ontology/AmericanFootballCoach,false,false,false,false,false,false,false,false,true,true,true,true,11,14,4,false
http://dbpedia.org/ontology/AmusementParkAttraction,false,false,false,false,false,false,false,false,true,true,true,true,11,14,4,false
http://dbpedia.org/ontology/Annotation,false,false,false,false,false,false,false,false,true,true,true,true,11,14,4,false
http://dbpedia.org/ontology/Archeologist,false,false,false,false,false,false,false,false,true,true,true,true,11,14,4,false
http://dbpedia.org/ontology/Archipelago,false,false,false,false,false,false,false,false,true,true,true,true,11,14,4,false
http://dbpedia.org/ontology/Archive,false,false,false,false,false,false,false,false,true,true,true,true,11,14,4,false
http://dbpedia.org/ontology/ArtificialSatellite,false,false,false,false,false,false,false,false,true,true,true,true,11,14,4,false
http://dbpedia.org/ontology/Athletics,false,false,false,false,false,false,false,false,true,true,true,true,11,14,4,false
http://dbpedia.org/ontology/AthleticsPlayer,false,false,false,false,false,false,false,false,true,true,true,true,11,14,4,false
http://dbpedia.org/ontology/AustralianFootballTeam,false,false,false,false,false,false,false,false,true,true,true,true,11,14,4,false
http://dbpedia.org/ontology/BackScene,false,false,false,false,false,false,false,false,true,true,true,true,11,14,4,false
http://dbpedia.org/ontology/Baronet,false,false,false,false,false,false,false,false,true,true,true,true,11,14,4,false
http://dbpedia.org/ontology/BaseballSeason,false,false,false,false,false,false,false,false,true,true,true,true,11,14,4,false
http://dbpedia.org/ontology/Birth,false,false,false,false,false,false,false,false,true,true,true,true,11,14,4,false
http://dbpedia.org/ontology/Boxing,false,false,false,false,false,false,false,false,true,true,true,true,11,14,4,false
http://dbpedia.org/ontology/BoxingCategory,false,false,false,false,false,false,false,false,true,true,true,true,11,14,4,false
http://dbpedia.org/ontology/BoxingStyle,false,false,false,false,false,false,false,false,true,true,true,true,11,14,4,false
http://dbpedia.org/ontology/Brewery,false,false,false,false,false,false,false,false,true,true,true,true,11,14,4,false
http://dbpedia.org/ontology/BrownDwarf,false,false,false,false,false,false,false,false,true,true,true,true,11,14,4,false
http://dbpedia.org/ontology/Bullfighter,false,false,false,false,false,false,false,false,true,true,false,false,11,12,2,false
http://dbpedia.org/ontology/BusCompany,false,false,false,false,false,false,false,false,true,true,true,true,11,14,4,false
http://dbpedia.org/ontology/BusinessPerson,false,false,false,false,false,false,false,false,true,true,true,true,11,14,4,false
http://dbpedia.org/ontology/Canoeist,false,false,false,false,false,false,false,false,true,true,true,true,11,14,4,false
http://dbpedia.org/ontology/Capital,false,false,false,false,false,false,false,false,true,true,true,true,11,14,4,false
http://dbpedia.org/ontology/CapitalOfRegion,false,false,false,false,false,false,false,false,true,true,true,true,11,14,4,false
http://dbpedia.org/ontology/Cemetery,false,false,false,false,false,false,false,false,true,true,true,true,11,14,4,false
http://dbpedia.org/ontology/ChartsPlacements,false,false,false,false,false,false,false,false,true,true,true,true,11,14,4,false
http://dbpedia.org/ontology/ClassicalMusicArtist,false,false,false,false,false,false,false,false,true,true,true,true,11,14,4,false
http://dbpedia.org/ontology/ClassicalMusicComposition,false,false,false,false,false,false,false,false,true,true,true,true,11,14,4,false
http://dbpedia.org/ontology/Coach,false,false,false,false,false,false,false,false,true,true,true,true,11,14,4,false
http://dbpedia.org/ontology/ComicStrip,false,false,false,false,false,false,false,false,true,true,true,true,11,14,4,false
http://dbpedia.org/ontology/Competition,false,false,false,false,false,false,false,false,true,true,true,true,11,14,4,false
http://dbpedia.org/ontology/Contest,false,false,false,false,false,false,false,false,true,true,true,true,11,14,4,false
http://dbpedia.org/ontology/CountrySeat,false,false,false,false,false,false,false,false,true,true,true,true,11,14,4,false
http://dbpedia.org/ontology/Crater,false,false,false,false,false,false,false,false,true,true,true,true,11,14,4,false
http://dbpedia.org/ontology/CricketGround,false,false,false,false,false,false,false,false,true,true,true,true,11,14,4,false
http://dbpedia.org/ontology/CricketTeam,false,false,false,false,false,false,false,false,true,true,true,true,11,14,4,false
http://dbpedia.org/ontology/CyclingRace,false,false,false,false,false,false,false,false,true,true,true,true,11,14,4,false
http://dbpedia.org/ontology/Dam,false,false,false,false,false,false,false,false,true,true,true,true,11,14,4,false
http://dbpedia.org/ontology/Dancer,false,false,false,false,false,false,false,false,true,true,true,true,11,14,4,false
http://dbpedia.org/ontology/Death,false,false,false,false,false,false,false,false,true,true,true,true,11,14,4,false
http://dbpedia.org/ontology/Demographics,false,false,false,false,false,false,false,false,true,true,true,true,11,14,4,false
http://dbpedia.org/ontology/Depth,false,false,false,false,false,false,false,false,true,true,true,true,11,14,4,false
http://dbpedia.org/ontology/Desert,false,false,false,false,false,false,false,false,true,true,true,true,11,14,4,false
http://dbpedia.org/ontology/Diploma,false,false,false,false,false,false,false,false,true,true,true,true,11,14,4,false
http://dbpedia.org/ontology/DisneyCharacter,false,false,false,false,false,false,false,false,true,true,true,true,11,14,4,false
http://dbpedia.org/ontology/Divorce,false,false,false,false,false,false,false,false,true,true,true,true,11,14,4,false
http://dbpedia.org/ontology/DocumentType,false,false,false,false,false,false,false,false,true,true,true,true,11,14,4,false
http://dbpedia.org/ontology/Egyptologist,false,false,false,false,false,false,false,false,true,true,true,true,11,14,4,false
http://dbpedia.org/ontology/ElectionDiagram,false,false,false,false,false,false,false,false,true,true,true,true,11,14,4,false
http://dbpedia.org/ontology/Employer,false,false,false,false,false,false,false,false,true,true,true,true,11,14,4,false
http://dbpedia.org/ontology/Entomologist,false,false,false,false,false,false,false,false,true,true,true,true,11,14,4,false
http://dbpedia.org/ontology/Farmer,false,false,false,false,false,false,false,false,true,true,true,true,11,14,4,false
http://dbpedia.org/ontology/Fencer,false,false,false,false,false,false,false,false,true,true,true,true,11,14,4,false
http://dbpedia.org/ontology/File,false,false,false,false,false,false,false,false,true,true,true,true,11,14,4,false
http://dbpedia.org/ontology/FormerMunicipality,false,false,false,false,false,false,false,false,true,true,true,true,11,14,4,false
http://dbpedia.org/ontology/FormulaOneTeam,false,false,false,false,false,false,false,false,true,true,true,true,11,14,4,false
http://dbpedia.org/ontology/Garden,false,false,false,false,false,false,false,false,true,true,true,true,11,14,4,false
http://dbpedia.org/ontology/Gate,false,false,false,false,false,false,false,false,true,true,true,true,11,14,4,false
http://dbpedia.org/ontology/GatedCommunity,false,false,false,false,false,false,false,false,true,true,true,true,11,14,4,false
http://dbpedia.org/ontology/Glacier,false,false,false,false,false,false,false,false,true,true,true,true,11,14,4,false
http://dbpedia.org/ontology/GolfCourse,false,false,false,false,false,false,false,false,true,true,true,true,11,14,4,false
http://dbpedia.org/ontology/GolfTournament,false,false,false,false,false,false,false,false,true,true,true,true,11,14,4,false
http://dbpedia.org/ontology/GraveMonument,false,false,false,false,false,false,false,false,true,true,true,true,11,14,4,false
http://dbpedia.org/ontology/GrossDomesticProduct,false,false,false,false,false,false,false,false,true,true,true,true,11,14,4,false
http://dbpedia.org/ontology/GrossDomesticProductPerCapita,false,false,false,false,false,false,false,false,true,true,true,true,11,14,4,false
http://dbpedia.org/ontology/Guitarist,false,false,false,false,false,false,false,false,true,true,true,true,11,14,4,false
http://dbpedia.org/ontology/HandballTeam,false,false,false,false,false,false,false,false,true,true,true,true,11,14,4,false
http://dbpedia.org/ontology/Historian,false,false,false,false,false,false,false,false,true,true,true,true,11,14,4,false
http://dbpedia.org/ontology/HistoricalCountry,false,false,false,false,false,false,false,false,true,true,true,true,11,14,4,false
http://dbpedia.org/ontology/HistoricalDistrict,false,false,false,false,false,false,false,false,true,true,true,true,11,14,4,false
http://dbpedia.org/ontology/HistoricalProvince,false,false,false,false,false,false,false,false,true,true,true,true,11,14,4,false
http://dbpedia.org/ontology/HistoricalRegion,false,false,false,false,false,false,false,false,true,true,true,true,11,14,4,false
http://dbpedia.org/ontology/HistoricalSettlement,false,false,false,false,false,false,false,false,true,true,true,true,11,14,4,false
http://dbpedia.org/ontology/HorseRace,false,false,false,false,false,false,false,false,true,true,true,true,11,14,4,false
http://dbpedia.org/ontology/HorseRider,false,false,false,false,false,false,false,false,true,true,true,true,11,14,4,false
http://dbpedia.org/ontology/HorseRiding,false,false,false,false,false,false,false,false,true,true,true,true,11,14,4,false
http://dbpedia.org/ontology/HumanDevelopmentIndex,false,false,false,false,false,false,false,false,true,true,true,true,11,14,4,false
http://dbpedia.org/ontology/Humorist,false,false,false,false,false,false,false,false,true,true,true,true,11,14,4,false
http://dbpedia.org/ontology/Image,false,false,false,false,false,false,false,false,true,true,true,true,11,14,4,false
http://dbpedia.org/ontology/Instrumentalist,false,false,false,false,false,false,false,false,true,true,true,true,11,14,4,false
http://dbpedia.org/ontology/Lawyer,false,false,false,false,false,false,false,false,true,true,true,true,11,14,4,false
http://dbpedia.org/ontology/LifeCycleEvent,false,false,false,false,false,false,false,false,true,true,true,true,11,14,4,false
http://dbpedia.org/ontology/Linguist,false,false,false,false,false,false,false,false,true,true,true,true,11,14,4,false
http://dbpedia.org/ontology/Lock,false,false,false,false,false,false,false,false,true,true,true,true,11,14,4,false
http://dbpedia.org/ontology/Marriage,false,false,false,false,false,false,false,false,true,true,true,true,11,14,4,false
http://dbpedia.org/ontology/Media,false,false,false,false,false,false,false,false,true,true,true,true,11,14,4,false
http://dbpedia.org/ontology/Meeting,false,false,false,false,false,false,false,false,true,true,true,true,11,14,4,false
http://dbpedia.org/ontology/MetroStation,false,false,false,false,false,false,false,false,true,true,true,true,11,14,4,false
http://dbpedia.org/ontology/MicroRegion,false,false,false,false,false,false,false,false,true,true,true,true,11,14,4,false
http://dbpedia.org/ontology/MotocycleRacer,false,false,false,false,false,false,false,false,true,true,true,true,11,14,4,false
http://dbpedia.org/ontology/Motorcycle,false,false,false,false,false,false,false,false,true,true,true,true,11,14,4,false
http://dbpedia.org/ontology/MotorsportRacer,false,false,false,false,false,false,false,false,true,true,true,true,11,14,4,false
http://dbpedia.org/ontology/MovieDirector,false,false,false,false,false,false,false,false,true,true,true,true,11,14,4,false
http://dbpedia.org/ontology/MovingImage,false,false,false,false,false,false,false,false,true,true,true,true,11,14,4,false
http://dbpedia.org/ontology/MusicComposer,false,false,false,false,false,false,false,false,true,true,true,true,11,14,4,false
http://dbpedia.org/ontology/MusicDirector,false,false,false,false,false,false,false,false,true,true,true,true,11,14,4,false
http://dbpedia.org/ontology/MythologicalFigure,false,false,false,false,false,false,false,false,true,true,true,true,11,14,4,false
http://dbpedia.org/ontology/NarutoCharacter,false,false,false,false,false,false,false,false,true,true,true,true,11,14,4,false
http://dbpedia.org/ontology/NationalAnthem,false,false,false,false,false,false,false,false,true,true,true,true,11,14,4,false
http://dbpedia.org/ontology/NationalFootballLeagueEvent,false,false,false,false,false,false,false,false,true,true,true,true,11,14,4,false
http://dbpedia.org/ontology/NaturalEvent,false,false,false,false,false,false,false,false,true,true,true,true,11,14,4,false
http://dbpedia.org/ontology/NobelPrize,false,false,false,false,false,false,false,false,true,true,true,true,11,14,4,false
http://dbpedia.org/ontology/NobleFamily,false,false,false,false,false,false,false,false,true,true,true,true,11,14,4,false
http://dbpedia.org/ontology/NuclearPowerStation,false,false,false,false,false,false,false,false,true,true,true,true,11,14,4,false
http://dbpedia.org/ontology/Ocean,false,false,false,false,false,false,false,false,true,true,true,true,11,14,4,false
http://dbpedia.org/ontology/Organ,false,false,false,false,false,false,false,false,true,true,true,true,11,14,4,false
http://dbpedia.org/ontology/Parliament,false,false,false,false,false,false,false,false,true,true,true,true,11,14,4,false
http://dbpedia.org/ontology/PersonalEvent,false,false,false,false,false,false,false,false,true,true,true,true,11,14,4,false
http://dbpedia.org/ontology/Photographer,false,false,false,false,false,false,false,false,true,true,true,true,11,14,4,false
http://dbpedia.org/ontology/PlayWright,false,false,false,false,false,false,false,false,true,true,true,true,11,14,4,false
http://dbpedia.org/ontology/Poem,false,false,false,false,false,false,false,false,true,true,true,true,11,14,4,false
http://dbpedia.org/ontology/Poet,false,false,false,false,false,false,false,false,true,true,true,true,11,14,4,false
http://dbpedia.org/ontology/PoliticalFunction,false,false,false,false,false,false,false,false,true,true,true,true,11,14,4,false
http://dbpedia.org/ontology/PoliticianSpouse,false,false,false,false,false,false,false,false,true,true,true,true,11,14,4,false
http://dbpedia.org/ontology/Population,false,false,false,false,false,false,false,false,true,true,true,true,11,14,4,false
http://dbpedia.org/ontology/Port,false,false,false,false,false,false,false,false,true,true,true,true,11,14,4,false
http://dbpedia.org/ontology/Producer,false,false,false,false,false,false,false,false,true,true,true,true,11,14,4,false
http://dbpedia.org/ontology/Profession,false,false,false,false,false,false,false,false,true,true,true,true,11,14,4,false
http://dbpedia.org/ontology/Psychologist,false,false,false,false,false,false,false,false,true,true,true,true,11,14,4,false
http://dbpedia.org/ontology/Pyramid,false,false,false,false,false,false,false,false,true,true,true,true,11,14,4,false
http://dbpedia.org/ontology/RallyDriver,false,false,false,false,false,false,false,false,true,true,true,true,11,14,4,false
http://dbpedia.org/ontology/RecordOffice,false,false,false,false,false,false,false,false,true,true,true,true,11,14,4,false
http://dbpedia.org/ontology/Reference,false,false,false,false,false,false,false,false,true,true,true,true,11,14,4,false
http://dbpedia.org/ontology/RollerCoaster,false,false,false,false,false,false,false,false,true,true,true,true,11,14,4,false
http://dbpedia.org/ontology/RomanEmperor,false,false,false,false,false,false,false,false,true,true,true,true,11,14,4,false
http://dbpedia.org/ontology/Rower,false,false,false,false,false,false,false,false,true,true,true,true,11,14,4,false
http://dbpedia.org/ontology/Satellite,false,false,false,false,false,false,false,false,true,true,true,true,11,14,4,false
http://dbpedia.org/ontology/ScreenWriter,false,false,false,false,false,false,false,false,true,true,true,true,11,14,4,false
http://dbpedia.org/ontology/SerialKiller,false,false,false,false,false,false,false,false,true,true,true,true,11,14,4,false
http://dbpedia.org/ontology/Singer,false,false,false,false,false,false,false,false,true,true,true,true,11,14,4,false
http://dbpedia.org/ontology/SocietalEvent,false,false,false,false,false,false,false,false,true,true,true,true,11,14,4,false
http://dbpedia.org/ontology/SolarEclipse,false,false,false,false,false,false,false,false,true,true,true,true,11,14,4,false
http://dbpedia.org/ontology/SongWriter,false,false,false,false,false,false,false,false,true,true,true,true,11,14,4,false
http://dbpedia.org/ontology/Sound,false,false,false,false,false,false,false,false,true,true,true,true,11,14,4,false
http://dbpedia.org/ontology/Square,false,false,false,false,false,false,false,false,true,true,true,true,11,14,4,false
http://dbpedia.org/ontology/StatedResolution,false,false,false,false,false,false,false,false,true,true,true,true,11,14,4,false
http://dbpedia.org/ontology/Statistic,false,false,false,false,false,false,false,false,true,true,true,true,11,14,4,false
http://dbpedia.org/ontology/StillImage,false,false,false,false,false,false,false,false,true,true,true,true,11,14,4,false
http://dbpedia.org/ontology/Street,false,false,false,false,false,false,false,false,true,true,true,true,11,14,4,false
http://dbpedia.org/ontology/Surfer,false,false,false,false,false,false,false,false,true,true,true,true,11,14,4,false
http://dbpedia.org/ontology/Taxon,false,false,false,false,false,false,false,false,true,true,true,true,11,14,4,false
http://dbpedia.org/ontology/TelevisionDirector,false,false,false,false,false,false,false,false,true,true,true,true,11,14,4,false
http://dbpedia.org/ontology/TelevisionPersonality,false,false,false,false,false,false,false,false,true,true,true,true,11,14,4,false
http://dbpedia.org/ontology/TermOfOffice,false,false,false,false,false,false,false,false,true,true,true,true,11,14,4,false
http://dbpedia.org/ontology/TheatreDirector,false,false,false,false,false,false,false,false,true,true,true,true,11,14,4,false
http://dbpedia.org/ontology/Tournament,false,false,false,false,false,false,false,false,true,true,true,true,11,14,4,false
http://dbpedia.org/ontology/Tower,false,false,false,false,false,false,false,false,true,true,true,true,11,14,4,false
http://dbpedia.org/ontology/Type,false,false,false,false,false,false,false,false,true,true,true,true,11,14,4,false
http://dbpedia.org/ontology/Vicar,false,false,false,false,false,false,false,false,true,true,true,true,11,14,4,false
http://dbpedia.org/ontology/WaterPoloPlayer,false,false,false,false,false,false,false,false,true,true,true,true,11,14,4,false
http://dbpedia.org/ontology/WaterRide,false,false,false,false,false,false,false,false,true,true,true,true,11,14,4,false
http://dbpedia.org/ontology/Winery,false,false,false,false,false,false,false,false,true,true,true,true,11,14,4,false
http://dbpedia.org/ontology/Zoo,false,false,false,false,false,false,false,false,true,true,true,true,11,14,4,false
http://dbpedia.org/ontology/Bay,false,false,false,false,false,false,false,false,false,false,true,true,13,14,2,false
http://dbpedia.org/ontology/Earthquake,false,false,false,false,false,false,false,false,false,false,true,true,13,14,2,false
http://dbpedia.org/ontology/ElectricalSubstation,false,false,false,false,false,false,false,false,false,false,true,true,13,14,2,false
http://dbpedia.org/ontology/HockeyClub,false,false,false,false,false,false,false,false,false,false,true,true,13,14,2,false
http://dbpedia.org/ontology/Horse,false,false,false,false,false,false,false,false,false,false,true,true,13,14,2,false
http://dbpedia.org/ontology/InternationalOrganisation,false,false,false,false,false,false,false,false,false,false,true,true,13,14,2,false
http://dbpedia.org/ontology/Law,false,false,false,false,false,false,false,false,false,false,true,true,13,14,2,false
http://dbpedia.org/ontology/SportsClub,false,false,false,false,false,false,false,false,false,false,true,true,13,14,2,false
http://dbpedia.org/ontology/Standard,false,false,false,false,false,false,false,false,false,false,true,true,13,14,2,false
http://dbpedia.org/ontology/Actor,true,true,true,true,true,true,true,true,true,true,true,true,3,14,12,false
http://dbpedia.org/ontology/AdultActor,true,true,true,true,true,true,true,true,true,true,true,true,3,14,12,false
http://dbpedia.org/ontology/Aircraft,true,true,true,true,true,true,true,true,true,true,true,true,3,14,12,false
http://dbpedia.org/ontology/Airline,true,true,true,true,true,true,true,true,true,true,true,true,3,14,12,false
http://dbpedia.org/ontology/Airport,true,true,true,true,true,true,true,true,true,true,true,true,3,14,12,false
http://dbpedia.org/ontology/Album,true,true,true,true,true,true,true,true,true,true,true,true,3,14,12,false
http://dbpedia.org/ontology/Amphibian,false,false,true,true,true,true,true,true,true,true,true,true,5,14,10,false
http://dbpedia.org/ontology/AnatomicalStructure,true,true,true,true,true,true,true,true,true,true,true,true,3,14,12,false
http://dbpedia.org/ontology/Animal,true,true,true,true,true,true,true,true,true,true,true,true,3,14,12,false
http://dbpedia.org/ontology/Arachnid,false,false,true,true,true,true,true,true,true,true,true,true,5,14,10,false
http://dbpedia.org/ontology/Archaea,true,true,true,true,true,true,true,true,true,true,true,true,3,14,12,false
http://dbpedia.org/ontology/Architect,true,true,true,true,true,true,true,true,true,true,true,true,3,14,12,false
http://dbpedia.org/ontology/Area,true,true,true,false,false,false,false,false,true,true,true,true,3,14,7,true
http://dbpedia.org/ontology/Artery,true,true,true,true,true,true,true,true,true,true,true,true,3,14,12,false
http://dbpedia.org/ontology/Artist,true,true,true,true,true,true,true,true,true,true,true,true,3,14,12,false
http://dbpedia.org/ontology/Astronaut,true,true,true,true,true,true,true,true,true,true,true,true,3,14,12,false
http://dbpedia.org/ontology/Athlete,true,true,true,true,true,true,true,true,true,true,true,true,3,14,12,false
http://dbpedia.org/ontology/Automobile,true,true,true,true,true,true,true,true,true,true,true,true,3,14,12,false
http://dbpedia.org/ontology/AutomobileEngine,false,false,true,true,true,true,true,true,true,true,true,true,5,14,10,false
http://dbpedia.org/ontology/AutomobilePlatform,false,false,true,false,false,false,false,false,false,false,false,false,5,5,1,false
http://dbpedia.org/ontology/Award,false,false,true,true,true,true,true,true,true,true,true,true,5,14,10,false
http://dbpedia.org/ontology/Bacteria,true,true,true,true,true,true,true,true,true,true,true,true,3,14,12,false
http://dbpedia.org/ontology/BadmintonPlayer,true,true,true,true,true,true,true,true,true,true,true,true,3,14,12,false
http://dbpedia.org/ontology/Band,true,true,true,true,true,true,true,true,true,true,true,true,3,14,12,false
http://dbpedia.org/ontology/BaseballPlayer,true,true,true,true,true,true,true,true,true,true,true,true,3,14,12,false
http://dbpedia.org/ontology/BasketballPlayer,true,true,true,true,true,true,true,true,true,true,true,true,3,14,12,false
http://dbpedia.org/ontology/Beverage,true,true,true,true,true,true,true,true,true,true,true,true,3,14,12,false
http://dbpedia.org/ontology/Bird,false,false,true,true,true,true,true,true,true,true,true,true,5,14,10,false
http://dbpedia.org/ontology/BodyOfWater,false,false,true,true,true,true,true,true,true,true,true,true,5,14,10,false
http://dbpedia.org/ontology/Bone,true,true,true,true,true,true,true,true,true,true,true,true,3,14,12,false
http://dbpedia.org/ontology/Book,true,true,true,true,true,true,true,true,true,true,true,true,3,14,12,false
http://dbpedia.org/ontology/Boxer,true,true,true,true,true,true,true,true,true,true,true,true,3,14,12,false
http://dbpedia.org/ontology/Brain,true,true,true,true,true,true,true,true,true,true,true,true,3,14,12,false
http://dbpedia.org/ontology/Bridge,true,true,true,true,true,true,true,true,true,true,true,true,3,14,12,false
http://dbpedia.org/ontology/BritishRoyalty,true,true,true,true,true,true,true,true,true,true,true,true,3,14,12,false
http://dbpedia.org/ontology/Broadcast,true,true,true,true,true,false,false,false,false,false,false,false,3,7,5,false
http://dbpedia.org/ontology/Building,true,true,true,true,true,true,true,true,true,true,true,true,3,14,12,false
http://dbpedia.org/ontology/Canal,false,false,true,true,true,true,true,true,true,true,true,true,5,14,10,false
http://dbpedia.org/ontology/Cardinal,true,true,true,true,true,true,true,true,true,true,true,true,3,14,12,false
http://dbpedia.org/ontology/Cave,true,true,true,true,true,true,true,true,true,true,true,true,3,14,12,false
http://dbpedia.org/ontology/Celebrity,true,true,true,true,true,true,true,true,true,true,true,true,3,14,12,false
http://dbpedia.org/ontology/Chancellor,true,true,true,true,true,true,true,true,true,true,true,true,3,14,12,false
http://dbpedia.org/ontology/ChemicalCompound,true,true,true,true,true,true,true,true,true,true,true,true,3,14,12,false
http://dbpedia.org/ontology/ChristianBishop,true,true,true,true,true,true,true,true,true,true,true,true,3,14,12,false
http://dbpedia.org/ontology/City,true,true,true,true,true,true,true,true,true,true,true,true,3,14,12,false
http://dbpedia.org/ontology/Cleric,true,true,true,true,true,true,true,true,true,true,true,true,3,14,12,false
http://dbpedia.org/ontology/ClubMoss,false,false,true,true,true,true,true,true,true,true,true,true,5,14,10,false
http://dbpedia.org/ontology/College,true,true,true,true,true,true,true,true,true,true,true,true,3,14,12,false
http://dbpedia.org/ontology/CollegeCoach,true,true,true,true,true,true,true,true,true,true,true,true,3,14,12,false
http://dbpedia.org/ontology/Comedian,true,true,true,true,true,true,true,true,true,true,true,true,3,14,12,false
http://dbpedia.org/ontology/ComicsCharacter,true,true,true,true,true,true,true,true,true,true,true,true,3,14,12,false
http://dbpedia.org/ontology/ComicsCreator,true,true,true,true,true,true,true,true,true,true,true,true,3,14,12,false
http://dbpedia.org/ontology/Company,true,true,true,true,true,true,true,true,true,true,true,true,3,14,12,false
http://dbpedia.org/ontology/Congressman,true,true,true,true,true,true,true,true,true,true,true,true,3,14,12,false
http://dbpedia.org/ontology/Conifer,false,false,true,true,true,true,true,true,true,true,true,true,5,14,10,false
http://dbpedia.org/ontology/Continent,false,false,true,true,true,true,true,true,true,true,true,true,5,14,10,false
http://dbpedia.org/ontology/Convention,true,true,true,true,true,true,true,true,true,true,true,true,3,14,12,false
http://dbpedia.org/ontology/Country,true,true,true,true,true,true,true,true,true,true,true,true,3,14,12,false
http://dbpedia.org/ontology/Cricketer,true,true,true,true,true,true,true,true,true,true,true,true,3,14,12,false
http://dbpedia.org/ontology/Criminal,true,true,true,true,true,true,true,true,true,true,true,true,3,14,12,false
http://dbpedia.org/ontology/Crustacean,false,false,true,true,true,true,true,true,true,true,true,true,5,14,10,false
http://dbpedia.org/ontology/Currency,true,true,true,true,true,true,true,true,true,true,true,true,3,14,12,false
http://dbpedia.org/ontology/Cycad,false,false,true,true,true,true,true,true,true,true,true,true,5,14,10,false
http://dbpedia.org/ontology/Cyclist,true,true,true,true,true,true,true,true,true,true,true,true,3,14,12,false
http://dbpedia.org/ontology/Device,false,false,true,true,true,true,true,true,true,true,true,true,5,14,10,false
http://dbpedia.org/ontology/Disease,true,true,true,true,true,true,true,true,true,true,true,true,3,14,12,false
http://dbpedia.org/ontology/Drug,true,true,true,true,true,true,true,true,true,true,true,true,3,14,12,false
http://dbpedia.org/ontology/EducationalInstitution,true,true,true,true,true,true,true,true,true,true,true,true,3,14,12,false
http://dbpedia.org/ontology/Embryology,true,true,true,true,true,true,true,true,true,true,true,true,3,14,12,false
http://dbpedia.org/ontology/EthnicGroup,true,true,true,true,true,true,true,true,true,true,true,true,3,14,12,false
http://dbpedia.org/ontology/Eukaryote,true,true,true,true,true,true,true,true,true,true,true,true,3,14,12,false
http://dbpedia.org/ontology/EurovisionSongContestEntry,true,true,true,true,true,true,true,true,true,true,true,true,3,14,12,false
http://dbpedia.org/ontology/Event,true,true,true,true,true,true,true,true,true,true,true,true,3,14,12,false
http://dbpedia.org/ontology/Fern,false,false,true,true,true,true,true,true,true,true,true,true,5,14,10,false
http://dbpedia.org/ontology/FictionalCharacter,true,true,true,true,true,true,true,true,true,true,true,true,3,14,12,false
http://dbpedia.org/ontology/FigureSkater,true,true,true,true,true,true,true,true,true,true,true,true,3,14,12,false
http://dbpedia.org/ontology/Film,true,true,true,true,true,true,true,true,true,true,true,true,3,14,12,false
http://dbpedia.org/ontology/FilmFestival,true,true,true,true,true,true,true,true,true,true,true,true,3,14,12,false
http://dbpedia.org/ontology/Fish,false,false,true,true,true,true,true,true,true,true,true,true,5,14,10,false
http://dbpedia.org/ontology/FloweringPlant,false,false,true,true,true,true,true,true,true,true,true,true,5,14,10,false
http://dbpedia.org/ontology/FootballManager,true,true,true,false,false,false,false,false,false,false,false,false,3,5,3,false
http://dbpedia.org/ontology/FootballPlayer,true,true,true,false,false,false,false,false,false,false,false,false,3,5,3,false
http://dbpedia.org/ontology/FootballTeam,true,true,true,false,false,false,false,false,false,false,false,false,3,5,3,false
http://dbpedia.org/ontology/FormulaOneRacer,true,true,true,true,true,true,true,true,true,true,true,true,3,14,12,false
http://dbpedia.org/ontology/Fungus,true,true,true,true,true,true,true,true,true,true,true,true,3,14,12,false
http://dbpedia.org/ontology/GaelicGamesPlayer,true,true,true,true,true,true,true,true,true,true,true,true,3,14,12,false
http://dbpedia.org/ontology/Ginkgo,false,false,true,true,true,true,true,true,true,true,true,true,5,14,10,false
http://dbpedia.org/ontology/Gnetophytes,false,false,true,true,true,true,true,true,true,true,true,true,5,14,10,false
http://dbpedia.org/ontology/Governor,true,true,true,true,true,true,true,true,true,true,true,true,3,14,12,false
http://dbpedia.org/ontology/GrandPrix,true,true,true,true,true,true,true,true,true,true,true,true,3,14,12,false
http://dbpedia.org/ontology/Grape,true,true,true,true,true,true,true,true,true,true,true,true,3,14,12,false
http://dbpedia.org/ontology/GreenAlga,false,false,true,true,true,true,true,true,true,true,true,true,5,14,10,false
http://dbpedia.org/ontology/HistoricBuilding,true,true,true,true,true,true,true,true,true,true,true,true,3,14,12,false
http://dbpedia.org/ontology/HistoricPlace,true,true,true,true,true,true,true,true,true,true,true,true,3,14,12,false
http://dbpedia.org/ontology/HockeyTeam,true,true,true,true,true,true,true,true,true,true,true,true,3,14,12,false
http://dbpedia.org/ontology/Hospital,true,true,true,true,true,true,true,true,true,true,true,true,3,14,12,false
http://dbpedia.org/ontology/IceHockeyPlayer,true,true,true,true,true,true,true,true,true,true,true,true,3,14,12,false
http://dbpedia.org/ontology/Infrastructure,true,true,true,true,true,true,true,true,true,true,true,true,3,14,12,false
http://dbpedia.org/ontology/Insect,false,false,true,true,true,true,true,true,true,true,true,true,5,14,10,false
http://dbpedia.org/ontology/Island,true,true,true,true,true,true,true,true,true,true,true,true,3,14,12,false
http://dbpedia.org/ontology/Journalist,true,true,true,true,true,true,true,true,true,true,true,true,3,14,12,false
http://dbpedia.org/ontology/Judge,true,true,true,true,true,true,true,true,true,true,true,true,3,14,12,false
http://dbpedia.org/ontology/Lake,true,true,true,true,true,true,true,true,true,true,true,true,3,14,12,false
http://dbpedia.org/ontology/Language,true,true,true,true,true,true,true,true,true,true,true,true,3,14,12,false
http://dbpedia.org/ontology/LaunchPad,false,false,true,true,true,true,true,true,true,true,true,true,5,14,10,false
http://dbpedia.org/ontology/Legislature,true,true,true,true,true,true,true,true,true,true,true,true,3,14,12,false
http://dbpedia.org/ontology/Lighthouse,true,true,true,true,true,true,true,true,true,true,true,true,3,14,12,false
http://dbpedia.org/ontology/LunarCrater,true,true,true,true,true,true,true,true,true,true,true,true,3,14,12,false
http://dbpedia.org/ontology/Lymph,true,true,true,true,true,true,true,true,true,true,true,true,3,14,12,false
http://dbpedia.org/ontology/Magazine,true,true,true,true,true,true,true,true,true,true,true,true,3,14,12,false
http://dbpedia.org/ontology/Mammal,false,false,true,true,true,true,true,true,true,true,true,true,5,14,10,false
http://dbpedia.org/ontology/Mayor,true,true,true,true,true,true,true,true,true,true,true,true,3,14,12,false
http://dbpedia.org/ontology/MeanOfTransportation,true,true,true,true,true,true,true,true,true,true,true,true,3,14,12,false
http://dbpedia.org/ontology/MemberOfParliament,true,true,true,true,true,true,true,true,true,true,true,true,3,14,12,false
http://dbpedia.org/ontology/MilitaryConflict,true,true,true,true,true,true,true,true,true,true,true,true,3,14,12,false
http://dbpedia.org/ontology/MilitaryPerson,true,true,true,true,true,true,true,true,true,true,true,true,3,14,12,false
http://dbpedia.org/ontology/MilitaryUnit,true,true,true,true,true,true,true,true,true,true,true,true,3,14,12,false
http://dbpedia.org/ontology/MixedMartialArtsEvent,true,true,true,true,true,true,true,true,true,true,true,true,3,14,12,false
http://dbpedia.org/ontology/Model,true,true,true,true,true,true,true,true,true,true,true,true,3,14,12,false
http://dbpedia.org/ontology/Mollusca,false,false,true,true,true,true,true,true,true,true,true,true,5,14,10,false
http://dbpedia.org/ontology/Monarch,true,true,true,true,true,true,true,true,true,true,true,true,3,14,12,false
http://dbpedia.org/ontology/Moss,false,false,true,true,true,true,true,true,true,true,true,true,5,14,10,false
http://dbpedia.org/ontology/Mountain,true,true,true,true,true,true,true,true,true,true,true,true,3,14,12,false
http://dbpedia.org/ontology/Municipality,true,true,true,false,false,false,false,true,true,true,true,true,3,14,8,true
http://dbpedia.org/ontology/Muscle,true,true,true,true,true,true,true,true,true,true,true,true,3,14,12,false
http://dbpedia.org/ontology/MusicFestival,true,true,true,true,true,true,true,true,true,true,true,true,3,14,12,false
http://dbpedia.org/ontology/MusicGenre,true,true,true,true,true,true,true,true,true,true,true,true,3,14,12,false
http://dbpedia.org/ontology/Musical,true,true,true,true,true,true,true,true,true,true,true,true,3,14,12,false
http://dbpedia.org/ontology/MusicalArtist,true,true,true,true,true,true,true,true,true,true,true,true,3,14,12,false
http://dbpedia.org/ontology/MusicalWork,true,true,true,true,true,true,true,true,true,true,true,true,3,14,12,false
http://dbpedia.org/ontology/NascarDriver,true,true,true,true,true,true,true,true,true,true,true,true,3,14,12,false
http://dbpedia.org/ontology/NationalCollegiateAthleticAssociationAthlete,true,true,true,true,true,true,true,true,true,true,true,true,3,14,12,false
http://dbpedia.org/ontology/Nerve,true,true,true,true,true,true,true,true,true,true,true,true,3,14,12,false
http://dbpedia.org/ontology/Newspaper,true,true,true,true,true,true,true,true,true,true,true,true,3,14,12,false
http://dbpedia.org/ontology/Non-ProfitOrganisation,true,true,true,true,true,true,true,true,true,true,true,true,3,14,12,false
http://dbpedia.org/ontology/OfficeHolder,true,true,true,true,true,true,true,true,true,true,true,true,3,14,12,false
http://dbpedia.org/ontology/OlympicResult,true,true,true,true,true,true,true,true,true,true,true,true,3,14,12,false
http://dbpedia.org/ontology/Olympics,true,true,true,true,true,true,true,true,true,true,true,true,3,14,12,false
http://dbpedia.org/ontology/Organisation,true,true,true,true,true,true,true,true,true,true,true,true,3,14,12,false
http://dbpedia.org/ontology/Park,true,true,true,true,true,true,true,true,true,true,true,true,3,14,12,false
http://dbpedia.org/ontology/Person,true,true,true,true,true,true,true,true,true,true,true,true,3,14,12,false
http://dbpedia.org/ontology/Philosopher,true,true,true,true,true,true,true,true,true,true,true,true,3,14,12,false
http://dbpedia.org/ontology/Place,true,true,true,true,true,true,true,true,true,true,true,true,3,14,12,false
http://dbpedia.org/ontology/Planet,true,true,true,true,true,true,true,true,true,true,true,true,3,14,12,false
http://dbpedia.org/ontology/Plant,true,true,true,true,true,true,true,true,true,true,true,true,3,14,12,false
http://dbpedia.org/ontology/PlayboyPlaymate,true,true,true,true,true,true,true,true,true,true,true,true,3,14,12,false
http://dbpedia.org/ontology/PokerPlayer,true,true,true,true,true,true,true,true,true,true,true,true,3,14,12,false
http://dbpedia.org/ontology/Politician,true,true,true,true,true,true,true,true,true,true,true,true,3,14,12,false
http://dbpedia.org/ontology/Pope,true,true,true,true,true,true,true,true,true,true,true,true,3,14,12,false
http://dbpedia.org/ontology/PopulatedPlace,true,true,true,true,true,true,true,true,true,true,true,true,3,14,12,false
http://dbpedia.org/ontology/President,true,true,true,true,true,true,true,true,true,true,true,true,3,14,12,false
http://dbpedia.org/ontology/PrimeMinister,true,true,true,true,true,true,true,true,true,true,true,true,3,14,12,false
http://dbpedia.org/ontology/ProtectedArea,true,true,true,true,true,true,true,true,true,true,true,true,3,14,12,false
http://dbpedia.org/ontology/Protein,true,true,true,true,true,true,true,true,true,true,true,true,3,14,12,false
http://dbpedia.org/ontology/Race,true,true,true,true,true,true,true,true,true,true,true,true,3,14,12,false
http://dbpedia.org/ontology/RadioStation,true,true,true,true,true,true,true,true,true,true,true,true,3,14,12,false
http://dbpedia.org/ontology/RecordLabel,true,true,true,true,true,true,true,true,true,true,true,true,3,14,12,false
http://dbpedia.org/ontology/Reptile,false,false,true,true,true,true,true,true,true,true,true,true,5,14,10,false
http://dbpedia.org/ontology/River,true,true,true,true,true,true,true,true,true,true,true,true,3,14,12,false
http://dbpedia.org/ontology/Road,true,true,true,true,true,true,true,true,true,true,true,true,3,14,12,false
http://dbpedia.org/ontology/Rocket,false,false,true,true,true,true,true,true,true,true,true,true,5,14,10,false
http://dbpedia.org/ontology/RugbyPlayer,true,true,true,true,true,true,true,true,true,true,true,true,3,14,12,false
http://dbpedia.org/ontology/Saint,true,true,true,true,true,true,true,true,true,true,true,true,3,14,12,false
http://dbpedia.org/ontology/School,true,true,true,true,true,true,true,true,true,true,true,true,3,14,12,false
http://dbpedia.org/ontology/Scientist,true,true,true,true,true,true,true,true,true,true,true,true,3,14,12,false
http://dbpedia.org/ontology/Senator,true,true,true,true,true,true,true,true,true,true,true,true,3,14,12,false
http://dbpedia.org/ontology/Ship,true,true,true,true,true,true,true,true,true,true,true,true,3,14,12,false
http://dbpedia.org/ontology/ShoppingMall,true,true,true,true,true,true,true,true,true,true,true,true,3,14,12,false
http://dbpedia.org/ontology/Single,true,true,true,true,true,true,true,true,true,true,true,true,3,14,12,false
http://dbpedia.org/ontology/SiteOfSpecialScientificInterest,true,true,true,true,true,true,true,true,true,true,true,true,3,14,12,false
http://dbpedia.org/ontology/SkiArea,true,true,true,true,true,true,true,true,true,true,true,true,3,14,12,false
http://dbpedia.org/ontology/Skyscraper,true,true,true,true,true,true,true,true,true,true,true,true,3,14,12,false
http://dbpedia.org/ontology/SoccerClub,true,true,true,true,true,true,true,true,true,true,true,true,3,14,12,false
http://dbpedia.org/ontology/SoccerPlayer,true,true,true,true,true,true,true,true,true,true,true,true,3,14,12,false
http://dbpedia.org/ontology/Software,true,true,true,true,true,true,true,true,true,true,true,true,3,14,12,false
http://dbpedia.org/ontology/Song,true,true,true,true,true,true,true,true,true,true,true,true,3,14,12,false
http://dbpedia.org/ontology/SpaceMission,false,false,true,true,true,true,true,true,true,true,true,true,5,14,10,false
http://dbpedia.org/ontology/SpaceShuttle,false,false,true,true,true,true,true,true,true,true,true,true,5,14,10,false
http://dbpedia.org/ontology/SpaceStation,false,false,true,true,true,true,true,true,true,true,true,true,5,14,10,false
http://dbpedia.org/ontology/Spacecraft,false,false,true,true,true,true,true,true,true,true,true,true,5,14,10,false
http://dbpedia.org/ontology/Species,true,true,true,true,true,true,true,true,true,true,true,true,3,14,12,false
http://dbpedia.org/ontology/SportsEvent,true,true,true,true,true,true,true,true,true,true,true,true,3,14,12,false
http://dbpedia.org/ontology/SportsTeam,true,true,true,true,true,true,true,true,true,true,true,true,3,14,12,false
http://dbpedia.org/ontology/Stadium,true,true,true,true,true,true,true,true,true,true,true,true,3,14,12,false
http://dbpedia.org/ontology/Station,true,true,true,true,true,true,true,true,true,true,true,true,3,14,12,false
http://dbpedia.org/ontology/SupremeCourtOfTheUnitedStatesCase,true,true,true,true,true,true,true,true,true,true,true,true,3,14,12,false
http://dbpedia.org/ontology/TelevisionEpisode,true,true,true,true,true,true,true,true,true,true,true,true,3,14,12,false
http://dbpedia.org/ontology/TelevisionShow,true,true,true,true,true,true,true,true,true,true,true,true,3,14,12,false
http://dbpedia.org/ontology/TennisPlayer,true,true,true,true,true,true,true,true,true,true,true,true,3,14,12,false
http://dbpedia.org/ontology/TradeUnion,true,true,true,true,true,true,true,true,true,true,true,true,3,14,12,false
http://dbpedia.org/ontology/University,true,true,true,true,true,true,true,true,true,true,true,true,3,14,12,false
http://dbpedia.org/ontology/Vein,true,true,true,true,true,true,true,true,true,true,true,true,3,14,12,false
http://dbpedia.org/ontology/VideoGame,true,true,true,true,true,true,true,true,true,true,true,true,3,14,12,false
http://dbpedia.org/ontology/VoiceActor,true,true,true,true,true,true,true,true,true,true,true,true,3,14,12,false
http://dbpedia.org/ontology/Weapon,true,true,true,true,true,true,true,true,true,true,true,true,3,14,12,false
http://dbpedia.org/ontology/Website,true,true,true,true,true,true,true,true,true,true,true,true,3,14,12,false
http://dbpedia.org/ontology/WineRegion,true,true,true,true,true,true,true,true,true,true,true,true,3,14,12,false
http://dbpedia.org/ontology/WomensTennisAssociationTournament,true,true,true,true,true,true,true,true,true,true,true,true,3,14,12,false
http://dbpedia.org/ontology/Work,true,true,true,true,true,true,true,true,true,true,true,true,3,14,12,false
http://dbpedia.org/ontology/WorldHeritageSite,true,true,true,true,true,true,true,true,true,true,true,true,3,14,12,false
http://dbpedia.org/ontology/Wrestler,true,true,true,true,true,true,true,true,true,true,true,true,3,14,12,false
http://dbpedia.org/ontology/WrestlingEvent,true,true,true,true,true,true,true,true,true,true,true,true,3,14,12,false
http://dbpedia.org/ontology/Writer,true,true,true,true,true,true,true,true,true,true,true,true,3,14,12,false
http://dbpedia.org/ontology/YearInSpaceflight,false,false,true,true,true,true,true,true,true,true,true,true,5,14,10,false
http://dbpedia.org/ontology/bibo:Book,false,false,false,false,false,true,false,false,false,false,false,false,8,8,1,false
http://dbpedia.org/ontology/Abbey,false,false,false,false,false,false,false,true,true,true,true,true,10,14,5,false
http://dbpedia.org/ontology/AmateurBoxer,false,false,false,false,false,false,false,true,true,true,true,true,10,14,5,false
http://dbpedia.org/ontology/AnimangaCharacter,false,false,false,false,false,false,false,true,true,true,true,true,10,14,5,false
http://dbpedia.org/ontology/Anime,false,false,false,false,false,false,false,true,true,true,true,true,10,14,5,false
http://dbpedia.org/ontology/Aristocrat,false,false,false,false,false,false,false,true,true,true,true,true,10,14,5,false
http://dbpedia.org/ontology/ArtistDiscography,false,false,false,false,false,false,false,true,true,true,true,true,10,14,5,false
http://dbpedia.org/ontology/BeachVolleyballPlayer,false,false,false,false,false,false,false,true,true,true,true,true,10,14,5,false
http://dbpedia.org/ontology/BeautyQueen,false,false,false,false,false,false,false,true,true,true,true,true,10,14,5,false
http://dbpedia.org/ontology/Beer,false,false,false,false,false,false,false,true,true,true,true,true,10,14,5,false
http://dbpedia.org/ontology/Blazon,false,false,false,false,false,false,false,true,true,true,true,true,10,14,5,false
http://dbpedia.org/ontology/BloodType,false,false,false,false,false,false,false,true,false,false,false,false,10,10,1,false
http://dbpedia.org/ontology/BoardGame,false,false,false,false,false,false,false,true,true,true,true,true,10,14,5,false
http://dbpedia.org/ontology/Bodybuilder,false,false,false,false,false,false,false,true,true,true,true,true,10,14,5,false
http://dbpedia.org/ontology/Camera,false,false,false,false,false,false,false,true,true,true,true,true,10,14,5,false
http://dbpedia.org/ontology/CareerStation,false,false,false,false,false,false,false,true,true,true,true,true,10,14,5,false
http://dbpedia.org/ontology/Cartoon,false,false,false,false,false,false,false,true,true,true,true,true,10,14,5,false
http://dbpedia.org/ontology/Case,false,false,false,false,false,false,false,true,true,true,true,true,10,14,5,false
http://dbpedia.org/ontology/Casino,false,false,false,false,false,false,false,true,true,true,true,true,10,14,5,false
http://dbpedia.org/ontology/Castle,false,false,false,false,false,false,false,true,true,true,true,true,10,14,5,false
http://dbpedia.org/ontology/Cheese,false,false,false,false,false,false,false,true,true,true,true,true,10,14,5,false
http://dbpedia.org/ontology/Chef,false,false,false,false,false,false,false,true,true,true,true,true,10,14,5,false
http://dbpedia.org/ontology/ChristianDoctrine,false,false,false,false,false,false,false,true,true,true,true,true,10,14,5,false
http://dbpedia.org/ontology/CityDistrict,false,false,false,false,false,false,false,true,true,true,true,true,10,14,5,false
http://dbpedia.org/ontology/ClericalAdministrativeRegion,false,false,false,false,false,false,false,true,true,true,true,true,10,14,5,false
http://dbpedia.org/ontology/ClericalOrder,false,false,false,false,false,false,false,true,true,true,true,true,10,14,5,false
http://dbpedia.org/ontology/CollectionOfValuables,false,false,false,false,false,false,false,true,true,true,true,true,10,14,5,false
http://dbpedia.org/ontology/ComedyGroup,false,false,false,false,false,false,false,true,true,true,true,true,10,14,5,false
http://dbpedia.org/ontology/Comic,false,false,false,false,false,false,false,true,true,true,true,true,10,14,5,false
http://dbpedia.org/ontology/Comics,false,false,false,false,false,false,false,true,true,false,false,false,10,11,2,false
http://dbpedia.org/ontology/Community,false,false,false,false,false,false,false,true,true,true,true,true,10,14,5,false
http://dbpedia.org/ontology/ControlledDesignationOfOriginWine,false,false,false,false,false,false,false,true,true,true,true,true,10,14,5,false
http://dbpedia.org/ontology/CultivatedVariety,false,false,false,false,false,false,false,true,true,true,true,true,10,14,5,false
http://dbpedia.org/ontology/Curler,false,false,false,false,false,false,false,true,true,true,true,true,10,14,5,false
http://dbpedia.org/ontology/CyclingCompetition,false,false,false,false,false,false,false,true,true,true,true,true,10,14,5,false
http://dbpedia.org/ontology/CyclingTeam,false,false,false,false,false,false,false,true,true,true,true,true,10,14,5,false
http://dbpedia.org/ontology/DartsPlayer,false,false,false,false,false,false,false,true,true,true,true,true,10,14,5,false
http://dbpedia.org/ontology/Deanery,false,false,false,false,false,false,false,true,true,true,true,true,10,14,5,false
http://dbpedia.org/ontology/Deity,false,false,false,false,false,false,false,true,true,true,true,true,10,14,5,false
http://dbpedia.org/ontology/Department,false,false,false,false,false,false,false,true,true,true,true,true,10,14,5,false
http://dbpedia.org/ontology/DigitalCamera,false,false,false,false,false,false,false,true,true,true,true,true,10,14,5,false
http://dbpedia.org/ontology/Diocese,false,false,false,false,false,false,false,true,true,true,true,true,10,14,5,false
http://dbpedia.org/ontology/District,false,false,false,false,false,false,false,true,true,true,true,true,10,14,5,false
http://dbpedia.org/ontology/DistrictWaterBoard,false,false,false,false,false,false,false,true,true,true,true,true,10,14,5,false
http://dbpedia.org/ontology/Document,false,false,false,false,false,false,false,false,true,true,true,true,11,14,4,false
http://dbpedia.org/ontology/Dog,false,false,false,false,false,false,false,true,true,true,true,true,10,14,5,false
http://dbpedia.org/ontology/Drama,false,false,false,false,false,false,false,true,true,true,true,true,10,14,5,false
http://dbpedia.org/ontology/Economist,false,false,false,false,false,false,false,true,true,true,true,true,10,14,5,false
http://dbpedia.org/ontology/Engineer,false,false,false,false,false,false,false,true,true,true,true,true,10,14,5,false
http://dbpedia.org/ontology/Enzyme,false,false,false,false,false,false,false,true,true,true,true,true,10,14,5,false
http://dbpedia.org/ontology/Factory,false,false,false,false,false,false,false,true,true,true,true,true,10,14,5,false
http://dbpedia.org/ontology/Family,false,false,false,false,false,false,false,true,true,true,true,true,10,14,5,false
http://dbpedia.org/ontology/Fashion,false,false,false,false,false,false,false,true,true,true,true,true,10,14,5,false
http://dbpedia.org/ontology/FashionDesigner,false,false,false,false,false,false,false,true,true,true,true,true,10,14,5,false
http://dbpedia.org/ontology/FootballLeagueSeason,false,false,false,false,false,false,false,true,true,true,true,true,10,14,5,false
http://dbpedia.org/ontology/FrenchLocality,false,false,false,false,false,false,false,true,false,false,false,false,10,10,1,false
http://dbpedia.org/ontology/Genre,false,false,false,false,false,false,false,true,true,true,true,true,10,14,5,false
http://dbpedia.org/ontology/GeologicalPeriod,false,false,false,false,false,false,false,true,true,true,true,true,10,14,5,false
http://dbpedia.org/ontology/Globularswarm,false,false,false,false,false,false,false,true,true,true,true,true,10,14,5,false
http://dbpedia.org/ontology/GovernmentalAdministrativeRegion,false,false,false,false,false,false,false,true,true,true,true,true,10,14,5,false
http://dbpedia.org/ontology/Group,false,false,false,false,false,false,false,true,true,true,true,true,10,14,5,false
http://dbpedia.org/ontology/Guitar,false,false,false,false,false,false,false,true,true,true,true,true,10,14,5,false
http://dbpedia.org/ontology/Gymnast,false,false,false,false,false,false,false,true,true,true,true,true,10,14,5,false
http://dbpedia.org/ontology/HandballPlayer,false,false,false,false,false,false,false,true,true,true,true,true,10,14,5,false
http://dbpedia.org/ontology/HistoricalPeriod,false,false,false,false,false,false,false,true,true,true,true,true,10,14,5,false
http://dbpedia.org/ontology/HollywoodCartoon,false,false,false,false,false,false,false,true,true,true,true,true,10,14,5,false
http://dbpedia.org/ontology/HorseTrainer,false,false,false,false,false,false,false,true,true,true,true,true,10,14,5,false
http://dbpedia.org/ontology/Host,false,false,false,false,false,false,false,true,true,true,true,true,10,14,5,false
http://dbpedia.org/ontology/HotSpring,false,false,false,false,false,false,false,true,true,true,true,true,10,14,5,false
http://dbpedia.org/ontology/Imdb,false,false,false,false,false,false,false,true,true,true,false,false,10,12,3,false
http://dbpedia.org/ontology/InformationAppliance,false,false,false,false,false,false,false,true,true,true,true,true,10,14,5,false
http://dbpedia.org/ontology/Installment,false,false,false,false,false,false,false,true,true,true,false,false,10,12,3,false
http://dbpedia.org/ontology/Intercommunality,false,false,false,false,false,false,false,true,true,true,true,true,10,14,5,false
http://dbpedia.org/ontology/IranSettlement,false,false,false,false,false,false,false,true,false,false,false,false,10,10,1,false
http://dbpedia.org/ontology/Jockey,false,false,false,false,false,false,false,true,true,true,true,true,10,14,5,false
http://dbpedia.org/ontology/LacrossePlayer,false,false,false,false,false,false,false,true,true,true,true,true,10,14,5,false
http://dbpedia.org/ontology/Ligament,false,false,false,false,false,false,false,true,true,true,true,true,10,14,5,false
http://dbpedia.org/ontology/LightNovel,false,false,false,false,false,false,false,true,true,true,true,true,10,14,5,false
http://dbpedia.org/ontology/LineOfFashion,false,false,false,false,false,false,false,true,true,true,true,true,10,14,5,false
http://dbpedia.org/ontology/List,false,false,false,false,false,false,false,true,true,true,true,true,10,14,5,false
http://dbpedia.org/ontology/Listen,false,false,false,false,false,false,false,true,true,false,false,false,10,11,2,false
http://dbpedia.org/ontology/Locality,false,false,false,false,false,false,false,true,true,true,true,true,10,14,5,false
http://dbpedia.org/ontology/Manga,false,false,false,false,false,false,false,true,true,true,true,true,10,14,5,false
http://dbpedia.org/ontology/Manhua,false,false,false,false,false,false,false,true,true,true,true,true,10,14,5,false
http://dbpedia.org/ontology/Manhwa,false,false,false,false,false,false,false,true,true,true,true,true,10,14,5,false
http://dbpedia.org/ontology/Medician,false,false,false,false,false,false,false,true,true,true,true,true,10,14,5,false
http://dbpedia.org/ontology/Memorial,false,false,false,false,false,false,false,true,true,true,true,true,10,14,5,false
http://dbpedia.org/ontology/MilitaryStructure,false,false,false,false,false,false,false,true,true,true,true,true,10,14,5,false
http://dbpedia.org/ontology/Mill,false,false,false,false,false,false,false,true,true,true,true,true,10,14,5,false
http://dbpedia.org/ontology/Monastery,false,false,false,false,false,false,false,true,true,true,true,true,10,14,5,false
http://dbpedia.org/ontology/Mosque,false,false,false,false,false,false,false,true,true,true,true,true,10,14,5,false
http://dbpedia.org/ontology/MotorcycleRider,false,false,false,false,false,false,false,true,true,true,true,true,10,14,5,false
http://dbpedia.org/ontology/MotorsportSeason,false,false,false,false,false,false,false,true,true,true,true,true,10,14,5,false
http://dbpedia.org/ontology/MovieGenre,false,false,false,false,false,false,false,true,true,true,true,true,10,14,5,false
http://dbpedia.org/ontology/MultiVolumePublication,false,false,false,false,false,false,false,true,true,true,true,true,10,14,5,false
http://dbpedia.org/ontology/Murderer,false,false,false,false,false,false,false,true,true,true,true,true,10,14,5,false
http://dbpedia.org/ontology/NCAATeamSeason,false,false,false,false,false,false,false,true,true,true,true,true,10,14,5,false
http://dbpedia.org/ontology/NationalFootballLeagueSeason,false,false,false,false,false,false,false,true,true,true,true,true,10,14,5,false
http://dbpedia.org/ontology/NaturalRegion,false,false,false,false,false,false,false,true,true,true,true,true,10,14,5,false
http://dbpedia.org/ontology/NetballPlayer,false,false,false,false,false,false,false,true,true,true,true,true,10,14,5,false
http://dbpedia.org/ontology/Noble,false,false,false,false,false,false,false,true,true,true,true,true,10,14,5,false
http://dbpedia.org/ontology/NoteworthyPartOfBuilding,false,false,false,false,false,false,false,true,true,true,false,false,10,12,3,false
http://dbpedia.org/ontology/Novel,false,false,false,false,false,false,false,true,true,true,true,true,10,14,5,false
http://dbpedia.org/ontology/OldTerritory,false,false,false,false,false,false,false,true,true,true,true,true,10,14,5,false
http://dbpedia.org/ontology/OlympicEvent,false,false,false,false,false,false,false,true,true,true,true,true,10,14,5,false
http://dbpedia.org/ontology/Openswarm,false,false,false,false,false,false,false,true,true,true,true,true,10,14,5,false
http://dbpedia.org/ontology/Opera,false,false,false,false,false,false,false,true,true,true,true,true,10,14,5,false
http://dbpedia.org/ontology/OverseasDepartment,false,false,false,false,false,false,false,true,true,true,true,true,10,14,5,false
http://dbpedia.org/ontology/Painter,false,false,false,false,false,false,false,true,true,true,true,true,10,14,5,false
http://dbpedia.org/ontology/Parish,false,false,false,false,false,false,false,true,true,true,true,true,10,14,5,false
http://dbpedia.org/ontology/PenaltyShootOut,false,false,false,false,false,false,false,true,true,true,true,true,10,14,5,false
http://dbpedia.org/ontology/PeriodOfArtisticStyle,false,false,false,false,false,false,false,true,true,true,true,true,10,14,5,false
http://dbpedia.org/ontology/Polyhedron,false,false,false,false,false,false,false,true,true,true,true,true,10,14,5,false
http://dbpedia.org/ontology/Pornstar,false,false,false,false,false,false,false,true,false,false,false,false,10,10,1,false
http://dbpedia.org/ontology/Prefecture,false,false,false,false,false,false,false,true,true,true,true,true,10,14,5,false
http://dbpedia.org/ontology/PrehistoricalPeriod,false,false,false,false,false,false,false,true,true,true,true,true,10,14,5,false
http://dbpedia.org/ontology/Presenter,false,false,false,false,false,false,false,true,true,true,true,true,10,14,5,false
http://dbpedia.org/ontology/Prison,false,false,false,false,false,false,false,true,true,true,true,true,10,14,5,false
http://dbpedia.org/ontology/Professor,false,false,false,false,false,false,false,true,true,true,true,true,10,14,5,false
http://dbpedia.org/ontology/ProtohistoricalPeriod,false,false,false,false,false,false,false,true,true,true,true,true,10,14,5,false
http://dbpedia.org/ontology/Province,false,false,false,false,false,false,false,true,true,true,true,true,10,14,5,false
http://dbpedia.org/ontology/PublicService,false,false,false,false,false,false,false,true,true,true,true,true,10,14,5,false
http://dbpedia.org/ontology/PublicServiceInput,false,false,false,false,false,false,false,true,true,false,false,false,10,11,2,false
http://dbpedia.org/ontology/PublicServiceOutput,false,false,false,false,false,false,false,true,true,false,false,false,10,11,2,false
http://dbpedia.org/ontology/Publisher,false,false,false,false,false,false,false,true,true,true,true,true,10,14,5,false
http://dbpedia.org/ontology/RaceHorse,false,false,false,false,false,false,false,true,true,true,true,true,10,14,5,false
http://dbpedia.org/ontology/RaceTrack,false,false,false,false,false,false,false,true,true,true,true,true,10,14,5,false
http://dbpedia.org/ontology/Racecourse,false,false,false,false,false,false,false,true,true,true,true,true,10,14,5,false
http://dbpedia.org/ontology/RacingDriver,false,false,false,false,false,false,false,true,true,true,true,true,10,14,5,false
http://dbpedia.org/ontology/RadioHost,false,false,false,false,false,false,false,true,true,true,true,true,10,14,5,false
http://dbpedia.org/ontology/RadioProgram,false,false,false,false,false,false,false,true,true,true,true,true,10,14,5,false
http://dbpedia.org/ontology/RailwayStation,false,false,false,false,false,false,false,true,true,true,true,true,10,14,5,false
http://dbpedia.org/ontology/Regency,false,false,false,false,false,false,false,true,true,true,true,true,10,14,5,false
http://dbpedia.org/ontology/Region,false,false,false,false,false,false,false,true,true,true,true,true,10,14,5,false
http://dbpedia.org/ontology/Religious,false,false,false,false,false,false,false,true,true,true,true,true,10,14,5,false
http://dbpedia.org/ontology/Resume,false,false,false,false,false,false,false,true,true,true,true,true,10,14,5,false
http://dbpedia.org/ontology/Sculptor,false,false,false,false,false,false,false,true,true,true,true,true,10,14,5,false
http://dbpedia.org/ontology/Sea,false,false,false,false,false,false,false,true,true,true,true,true,10,14,5,false
http://dbpedia.org/ontology/Shrine,false,false,false,false,false,false,false,true,true,true,true,true,10,14,5,false
http://dbpedia.org/ontology/Skater,false,false,false,false,false,false,false,true,true,true,true,true,10,14,5,false
http://dbpedia.org/ontology/SkiResort,false,false,false,false,false,false,false,true,true,true,true,true,10,14,5,false
http://dbpedia.org/ontology/Skier,false,false,false,false,false,false,false,true,true,true,true,true,10,14,5,false
http://dbpedia.org/ontology/SoapCharacter,false,false,false,false,false,false,false,true,true,true,true,true,10,14,5,false
http://dbpedia.org/ontology/SpeedwayRider,false,false,false,false,false,false,false,true,true,true,true,true,10,14,5,false
http://dbpedia.org/ontology/SportCompetitionResult,false,false,false,false,false,false,false,true,true,true,true,true,10,14,5,false
http://dbpedia.org/ontology/SportFacility,false,false,false,false,false,false,false,true,true,true,true,true,10,14,5,false
http://dbpedia.org/ontology/SportsManager,false,false,false,false,false,false,false,true,true,true,true,true,10,14,5,false
http://dbpedia.org/ontology/SportsSeason,false,false,false,false,false,false,false,false,true,true,true,true,11,14,4,false
http://dbpedia.org/ontology/SquashPlayer,false,false,false,false,false,false,false,true,true,true,true,true,10,14,5,false
http://dbpedia.org/ontology/Star,false,false,false,false,false,false,false,true,true,true,true,true,10,14,5,false
http://dbpedia.org/ontology/State,false,false,false,false,false,false,false,true,true,true,true,true,10,14,5,false
http://dbpedia.org/ontology/SubMunicipality,false,false,false,false,false,false,false,true,true,true,true,true,10,14,5,false
http://dbpedia.org/ontology/SumoWrestler,false,false,false,false,false,false,false,true,true,true,true,true,10,14,5,false
http://dbpedia.org/ontology/Swarm,false,false,false,false,false,false,false,true,true,true,true,true,10,14,5,false
http://dbpedia.org/ontology/Synagogue,false,false,false,false,false,false,false,true,true,true,true,true,10,14,5,false
http://dbpedia.org/ontology/SystemOfLaw,false,false,false,false,false,false,false,true,true,true,true,true,10,14,5,false
http://dbpedia.org/ontology/TableTennisPlayer,false,false,false,false,false,false,false,true,true,true,true,true,10,14,5,false
http://dbpedia.org/ontology/TelevisionHost,false,false,false,false,false,false,false,true,true,true,true,true,10,14,5,false
http://dbpedia.org/ontology/Temple,false,false,false,false,false,false,false,true,true,true,true,true,10,14,5,false
http://dbpedia.org/ontology/Territory,false,false,false,false,false,false,false,true,true,true,true,true,10,14,5,false
http://dbpedia.org/ontology/TimePeriod,false,false,false,false,false,false,false,true,true,true,true,true,10,14,5,false
http://dbpedia.org/ontology/TrackList,false,false,false,false,false,false,false,true,true,true,true,true,10,14,5,false
http://dbpedia.org/ontology/Train,false,false,false,false,false,false,false,true,true,true,true,true,10,14,5,false
http://dbpedia.org/ontology/Treadmill,false,false,false,false,false,false,false,true,true,true,true,true,10,14,5,false
http://dbpedia.org/ontology/UnitOfWork,false,false,false,false,false,false,false,true,true,true,true,true,10,14,5,false
http://dbpedia.org/ontology/Venue,false,false,false,false,false,false,false,true,true,true,true,true,10,14,5,false
http://dbpedia.org/ontology/VolleyballCoach,false,false,false,false,false,false,false,true,true,true,true,true,10,14,5,false
http://dbpedia.org/ontology/WaterTower,false,false,false,false,false,false,false,true,true,true,true,true,10,14,5,false
http://dbpedia.org/ontology/Watermill,false,false,false,false,false,false,false,true,true,true,true,true,10,14,5,false
http://dbpedia.org/ontology/WindMotor,false,false,false,false,false,false,false,true,true,true,true,true,10,14,5,false
http://dbpedia.org/ontology/Windmill,false,false,false,false,false,false,false,true,true,true,true,true,10,14,5,false
http://dbpedia.org/ontology/Wine,false,false,false,false,false,false,false,true,true,true,true,true,10,14,5,false
http://dbpedia.org/ontology/cidoccrm:E4_Period,false,false,false,false,false,false,false,true,false,false,false,false,10,10,1,false
http://dbpedia.org/ontology/AcademicSubject,false,false,false,false,false,false,false,false,false,true,true,true,12,14,3,false
http://dbpedia.org/ontology/ArcherPlayer,false,false,false,false,false,false,false,false,false,true,true,true,12,14,3,false
http://dbpedia.org/ontology/Arrondissement,false,false,false,false,false,false,false,false,false,true,true,true,12,14,3,false
http://dbpedia.org/ontology/Article,false,false,false,false,false,false,false,false,false,true,true,true,12,14,3,false
http://dbpedia.org/ontology/ArtisticGenre,false,false,false,false,false,false,false,false,false,true,true,true,12,14,3,false
http://dbpedia.org/ontology/Attack,false,false,false,false,false,false,false,false,false,true,true,true,12,14,3,false
http://dbpedia.org/ontology/Bank,false,false,false,false,false,false,false,false,false,true,true,true,12,14,3,false
http://dbpedia.org/ontology/Beach,false,false,false,false,false,false,false,false,false,true,true,true,12,14,3,false
http://dbpedia.org/ontology/Biathlete,false,false,false,false,false,false,false,false,false,true,true,true,12,14,3,false
http://dbpedia.org/ontology/Biologist,false,false,false,false,false,false,false,false,false,true,true,true,12,14,3,false
http://dbpedia.org/ontology/BobsleighAthlete,false,false,false,false,false,false,false,false,false,true,true,true,12,14,3,false
http://dbpedia.org/ontology/CardGame,false,false,false,false,false,false,false,false,false,true,true,true,12,14,3,false
http://dbpedia.org/ontology/CardinalDirection,false,false,false,false,false,false,false,false,false,true,true,true,12,14,3,false
http://dbpedia.org/ontology/Caterer,false,false,false,false,false,false,false,false,false,true,true,true,12,14,3,false
http://dbpedia.org/ontology/CoalPit,false,false,false,false,false,false,false,false,false,true,true,true,12,14,3,false
http://dbpedia.org/ontology/ConcentrationCamp,false,false,false,false,false,false,false,false,false,true,true,true,12,14,3,false
http://dbpedia.org/ontology/ConveyorSystem,false,false,false,false,false,false,false,false,false,true,true,true,12,14,3,false
http://dbpedia.org/ontology/CrossCountrySkier,false,false,false,false,false,false,false,false,false,true,true,true,12,14,3,false
http://dbpedia.org/ontology/DTMRacer,false,false,false,false,false,false,false,false,false,true,true,true,12,14,3,false
http://dbpedia.org/ontology/EmployersOrganisation,false,false,false,false,false,false,false,false,false,true,true,true,12,14,3,false
http://dbpedia.org/ontology/Engine,false,false,false,false,false,false,false,false,false,true,true,true,12,14,3,false
http://dbpedia.org/ontology/Escalator,false,false,false,false,false,false,false,false,false,true,true,true,12,14,3,false
http://dbpedia.org/ontology/FillingStation,false,false,false,false,false,false,false,false,false,true,true,true,12,14,3,false
http://dbpedia.org/ontology/HighDiver,false,false,false,false,false,false,false,false,false,true,true,true,12,14,3,false
http://dbpedia.org/ontology/InternationalFootballLeagueEvent,false,false,false,false,false,false,false,false,false,true,true,true,12,14,3,false
http://dbpedia.org/ontology/LinkTitle,false,false,false,false,false,false,false,false,false,true,false,false,12,12,1,false
http://dbpedia.org/ontology/Lipid,false,false,false,false,false,false,false,false,false,true,true,true,12,14,3,false
http://dbpedia.org/ontology/LiteraryGenre,false,false,false,false,false,false,false,false,false,true,true,true,12,14,3,false
http://dbpedia.org/ontology/MathematicalConcept,false,false,false,false,false,false,false,false,false,true,true,true,12,14,3,false
http://dbpedia.org/ontology/Medicine,false,false,false,false,false,false,false,false,false,true,true,true,12,14,3,false
http://dbpedia.org/ontology/MemberResistanceMovement,false,false,false,false,false,false,false,false,false,true,true,true,12,14,3,false
http://dbpedia.org/ontology/MilitaryAircraft,false,false,false,false,false,false,false,false,false,true,true,true,12,14,3,false
http://dbpedia.org/ontology/MilitaryVehicle,false,false,false,false,false,false,false,false,false,true,true,true,12,14,3,false
http://dbpedia.org/ontology/Mine,false,false,false,false,false,false,false,false,false,true,true,true,12,14,3,false
http://dbpedia.org/ontology/MobilePhone,false,false,false,false,false,false,false,false,false,true,true,true,12,14,3,false
http://dbpedia.org/ontology/MotorRace,false,false,false,false,false,false,false,false,false,true,true,true,12,14,3,false
http://dbpedia.org/ontology/MovingWalkway,false,false,false,false,false,false,false,false,false,true,true,true,12,14,3,false
http://dbpedia.org/ontology/NordicCombined,false,false,false,false,false,false,false,false,false,true,true,true,12,14,3,false
http://dbpedia.org/ontology/On-SiteTransportation,false,false,false,false,false,false,false,false,false,true,true,true,12,14,3,false
http://dbpedia.org/ontology/Orphan,false,false,false,false,false,false,false,false,false,true,true,true,12,14,3,false
http://dbpedia.org/ontology/PhilosophicalConcept,false,false,false,false,false,false,false,false,false,true,true,true,12,14,3,false
http://dbpedia.org/ontology/PoliticalConcept,false,false,false,false,false,false,false,false,false,true,true,true,12,14,3,false
http://dbpedia.org/ontology/Polysaccharide,false,false,false,false,false,false,false,false,false,true,true,true,12,14,3,false
http://dbpedia.org/ontology/Quote,false,false,false,false,false,false,false,false,false,true,true,true,12,14,3,false
http://dbpedia.org/ontology/Rebellion,false,false,false,false,false,false,false,false,false,true,true,true,12,14,3,false
http://dbpedia.org/ontology/ReligiousOrganisation,false,false,false,false,false,false,false,false,false,true,true,true,12,14,3,false
http://dbpedia.org/ontology/RestArea,false,false,false,false,false,false,false,false,false,true,true,true,12,14,3,false
http://dbpedia.org/ontology/RocketEngine,false,false,false,false,false,false,false,false,false,true,true,true,12,14,3,false
http://dbpedia.org/ontology/RouteStop,false,false,false,false,false,false,false,false,false,true,true,true,12,14,3,false
http://dbpedia.org/ontology/ScientificConcept,false,false,false,false,false,false,false,false,false,true,true,true,12,14,3,false
http://dbpedia.org/ontology/Ski_jumper,false,false,false,false,false,false,false,false,false,true,true,true,12,14,3,false
http://dbpedia.org/ontology/SpeedSkater,false,false,false,false,false,false,false,false,false,true,true,true,12,14,3,false
http://dbpedia.org/ontology/StormSurge,false,false,false,false,false,false,false,false,false,true,true,true,12,14,3,false
http://dbpedia.org/ontology/TheologicalConcept,false,false,false,false,false,false,false,false,false,true,true,true,12,14,3,false
http://dbpedia.org/ontology/UndergroundJournal,false,false,false,false,false,false,false,false,false,true,true,true,12,14,3,false
http://dbpedia.org/ontology/Vodka,false,false,false,false,false,false,false,false,false,true,true,true,12,14,3,false
http://dbpedia.org/ontology/WinterSportPlayer,false,false,false,false,false,false,false,false,false,true,true,true,12,14,3,false
http://dbpedia.org/ontology/Monera,true,true,false,false,false,false,false,false,false,false,false,false,3,4,2,false
http://dbpedia.org/ontology/Protista,true,true,false,false,false,false,false,false,false,false,false,false,3,4,2,false
