Infobox_French_commune,elevation_m,Ficha_de_entidad_subnacional,elevación_media,dbo:elevation,dbo:height,Wrong Mapping - Mapping Issue,xsd:double,xsd:double,0.9922,0.0078,0,0,4108,4076,32,0,0,4108,4108
Infobox_company,foundation,Ficha_de_organización,fundación,dbo:foundingYear,dbo:formationYear,Wrong Mapping - Ontology Issue,xsd:gYear,xsd:gYear,0.7245,0.2972,0,0.0364,1430,1036,425,0,52,1430,1430
Infobox_mountain,elevation_m,Ficha_de_montaña,Elevación,dbo:elevation,dbo:prominence,Wrong Mapping - Mapping Issue,xsd:double,xsd:double,0.6842,0.2744,0.5388,0,798,546,219,430,0,798,798
Infobox_person,death_date,Ficha_de_actor,año_retiro,dbo:deathYear,dbo:year,Correct - Can be specialized,xsd:gYear,xsd:gYear,0.471,0.529,0,0,811,382,429,0,0,811,811
Infobox_person,years_active,Ficha_de_actor,año_retiro,dbo:activeYearsEndYear,dbo:year,Correct - Can be specialized,xsd:gYear,xsd:gYear,0.4701,0.1875,0,0.0013,768,361,144,0,1,768,768
Infobox_protected_area,area,Ficha_de_espacio_natural,superficie,dbo:areaTotal,dbo:area,Wrong Mapping - Mapping Issue,xsd:double,xsd:double,0.5682,0.4421,0,0,484,275,214,0,0,484,484
Infobox_language,iso2,Ficha_de_idioma,iso3,dbo:iso6392Code,dbo:iso6393Code,Correctly different mappings,xsd:string,xsd:string,0.9662,0.0338,0.0263,0.0526,266,257,9,7,14,266,266
Infobox_language,iso3,Ficha_de_idioma,iso2,dbo:iso6393Code,dbo:iso6392Code,Correctly different mappings,xsd:string,xsd:string,0.5089,0.495,0.0119,0.4436,505,257,250,6,224,505,505
Infobox_person,death_date,Ficha_de_actor,añosactivo,dbo:deathYear,dbo:activeYearsEndYear,Correctly different mappings,xsd:gYear,xsd:gYear,0.2888,0.7112,0.7126,0,696,201,495,496,0,696,696
Infobox_person,yearsactive,Ficha_de_actor,año_retiro,dbo:activeYearsEndYear,dbo:year,Correct - Can be specialized,xsd:gYear,xsd:gYear,0.2487,0.0938,0,0.0013,768,191,72,0,1,768,768
Infobox_airport,FAA,Ficha_de_aeropuerto,IATA,dbo:faaLocationIdentifier,dbo:iataLocationIdentifier,Correctly different mappings,xsd:string,xsd:string,0.935,0.155,0.16,0.015,200,187,31,32,3,200,200
Infobox_F1_driver,Championships,Ficha_de_piloto_de_carreras,poles,dbo:championships,dbo:poles,Correctly different mappings,xsd:nonNegativeInteger,xsd:nonNegativeInteger,0.7189,0.2811,0.2442,0,217,156,61,53,0,217,217
Infobox_F1_driver,Wins,Ficha_de_piloto_de_carreras,poles,dbo:wins,dbo:poles,Correctly different mappings,xsd:nonNegativeInteger,xsd:nonNegativeInteger,0.7081,0.2919,0.2823,0.1579,209,148,61,59,33,209,209
Infobox_F1_driver,Fastest_laps,Ficha_de_piloto_de_carreras,poles,dbo:fastestLap,dbo:poles,Correctly different mappings,xsd:nonNegativeInteger,xsd:nonNegativeInteger,0.6603,0.3397,0.3254,0,209,138,71,68,0,209,209
Infobox_Protected_area,area,Ficha_de_espacio_natural,superficie,dbo:areaTotal,dbo:area,Wrong Mapping - Mapping Issue,xsd:double,xsd:double,0.6176,0.3873,0,0,204,126,79,0,0,204,204
Infobox_F1_driver,Podiums,Ficha_de_piloto_de_carreras,poles,dbo:podiums,dbo:poles,Correctly different mappings,xsd:nonNegativeInteger,xsd:nonNegativeInteger,0.5263,0.4737,0.4641,0.4689,209,110,99,97,98,209,209
Infobox_F1_driver,Poles,Ficha_de_piloto_de_carreras,podios,dbo:poles,dbo:podiums,Correctly different mappings,xsd:nonNegativeInteger,xsd:nonNegativeInteger,0.5268,0.4732,0.4732,0.478,205,108,97,97,98,205,205
Infobox_F1_driver,Wins,Ficha_de_piloto_de_carreras,podios,dbo:wins,dbo:podiums,Correctly different mappings,xsd:nonNegativeInteger,xsd:nonNegativeInteger,0.5194,0.4806,0.4709,0.2476,206,107,99,97,51,206,206
Infobox_F1_driver,Fastest_laps,Ficha_de_piloto_de_carreras,podios,dbo:fastestLap,dbo:podiums,Correctly different mappings,xsd:nonNegativeInteger,xsd:nonNegativeInteger,0.5097,0.4903,0.4806,0,206,105,101,99,0,206,206
Infobox_F1_driver,Championships,Ficha_de_piloto_de_carreras,podios,dbo:championships,dbo:podiums,Correctly different mappings,xsd:nonNegativeInteger,xsd:nonNegativeInteger,0.4811,0.5189,0.4764,0,212,102,110,101,0,212,212
Infobox_disease,ICD9,Ficha_de_enfermedad,CIE-10,dbo:icd9,dbo:icd10,Correctly different mappings,xsd:string,xsd:string,0.2114,1,0.9919,0.2141,369,78,369,366,79,369,369
Infobox_station,code,Ficha_de_estación,código,dbo:agencyStationCode,dbo:code,Correct - Can be specialized,xsd:string,xsd:string,0.7091,0.3091,0,0,110,78,34,0,0,110,110
Infobox_road,length_km,Ficha_de_vía_de_transporte,largo,dbo:length,dbo:lineLength,Correct - Can be specialized,xsd:double,xsd:double,0.0657,0.0847,0,0,1051,69,89,0,0,1051,1051
Persondata,DATE_OF_DEATH,Ficha_de_militar,años_de_servicio,dbo:deathYear,dbo:serviceEndYear,Correctly different mappings,xsd:gYear,xsd:gYear,0.457,0.5364,0.245,0,151,69,81,37,0,151,151
Persondata,DATE_OF_DEATH,Ficha_de_artista_musical,Tiempo,dbo:deathYear,dbo:activeYearsEndYear,Correctly different mappings,xsd:gYear,xsd:gYear,0.4789,0.2042,0.1479,0,142,68,29,21,0,142,142
Infobox_organization,formation,Ficha_de_organización,fundación,dbo:formationYear,dbo:foundingYear,Wrong Mapping - Ontology Issue,xsd:gYear,xsd:gYear,0.7158,0.2842,0.0105,0,95,68,27,1,0,95,95
Infobox_company,defunct,Ficha_de_organización,desaparición,dbo:extinctionYear,dbo:closingYear,Wrong Mapping - Mapping Issue,xsd:gYear,xsd:gYear,0.6632,0.3789,0,0.0316,95,63,36,0,3,95,95
Infobox_television_episode,Episode,Ficha_de_episodio_de_televisión,temporada,dbo:episodeNumber,dbo:seasonNumber,Correctly different mappings,xsd:nonNegativeInteger,xsd:nonNegativeInteger,0.0916,0.9206,0.913,0.916,655,60,603,598,600,655,655
Infobox_Organization,formation,Ficha_de_organización,fundación,dbo:formationYear,dbo:foundingYear,Wrong Mapping - Ontology Issue,xsd:gYear,xsd:gYear,0.7215,0.3038,0,0.0127,79,57,24,0,1,79,79
Infobox_military_conflict,strength1,Ficha_de_conflicto_militar,soldados1,dbo:strength,dbo:combatant,Correctly different mappings,xsd:string,xsd:string,0.0302,0.8922,0.8531,0,1790,54,1597,1527,0,1790,1790
Infobox_military_conflict,strength2,Ficha_de_conflicto_militar,soldados2,dbo:strength,dbo:combatant,Correctly different mappings,xsd:string,xsd:string,0.0296,0.8475,0.8531,0,1790,53,1517,1527,0,1790,1790
Infobox_airport,IATA,Ficha_de_aeropuerto,FAA,dbo:iataLocationIdentifier,dbo:faaLocationIdentifier,Correctly different mappings,xsd:string,xsd:string,0.8548,0.1452,0.1129,0.1452,62,53,9,7,9,62,62
Infobox_military_conflict,strength1,Ficha_de_conflicto_militar,soldados2,dbo:strength,dbo:combatant,Correctly different mappings,xsd:string,xsd:string,0.0296,0.8615,0.8531,0,1790,53,1542,1527,0,1790,1790
Infobox_F1_driver,Poles,Ficha_de_piloto_de_carreras,victorias,dbo:poles,dbo:wins,Correctly different mappings,xsd:nonNegativeInteger,xsd:nonNegativeInteger,0.6163,0.3837,0.3721,0.3837,86,53,33,32,33,86,86
Infobox_military_conflict,strength2,Ficha_de_conflicto_militar,soldados1,dbo:strength,dbo:combatant,Correctly different mappings,xsd:string,xsd:string,0.0291,0.8603,0.8531,0,1790,52,1540,1527,0,1790,1790
Infobox_military_conflict,strength1,Ficha_de_conflicto_militar,combatientes1,dbo:strength,dbo:combatant,Correctly different mappings,xsd:string,xsd:string,0.0291,0.9274,0.8531,0,1790,52,1660,1527,0,1790,1790
Infobox_military_conflict,strength1,Ficha_de_conflicto_militar,combatientes2,dbo:strength,dbo:combatant,Correctly different mappings,xsd:string,xsd:string,0.0285,0.9358,0.8531,0,1790,51,1675,1527,0,1790,1790
Infobox_television_episode,Season,Ficha_de_episodio_de_televisión,episodio,dbo:seasonNumber,dbo:episodeNumber,Correctly different mappings,xsd:nonNegativeInteger,xsd:nonNegativeInteger,0.0791,0.9225,0.9194,0.924,645,51,595,593,596,645,645
Infobox_military_conflict,strength2,Ficha_de_conflicto_militar,combatientes1,dbo:strength,dbo:combatant,Correctly different mappings,xsd:string,xsd:string,0.0285,0.8844,0.8531,0,1790,51,1583,1527,0,1790,1790
Infobox_military_conflict,strength2,Ficha_de_conflicto_militar,combatientes2,dbo:strength,dbo:combatant,Correctly different mappings,xsd:string,xsd:string,0.0279,0.8933,0.8531,0,1790,50,1599,1527,0,1790,1790
Infobox_F1_driver,Championships,Ficha_de_piloto_de_carreras,victorias,dbo:championships,dbo:wins,Correctly different mappings,xsd:nonNegativeInteger,xsd:nonNegativeInteger,0.4947,0.5053,0.4211,0,95,47,48,40,0,95,95
Infobox_U.S._County,area_total_sq_mi,Ficha_de_entidad_subnacional,superficie_tierra,dbo:areaTotal,dbo:areaLand,Correctly different mappings,xsd:double,xsd:double,0.0592,0.9408,0.9433,0.1763,794,47,747,749,140,794,794
Infobox_F1_driver,Fastest_laps,Ficha_de_piloto_de_carreras,victorias,dbo:fastestLap,dbo:wins,Correctly different mappings,xsd:nonNegativeInteger,xsd:nonNegativeInteger,0.4884,0.5116,0.5,0,86,42,44,43,0,86,86
Infobox_French_commune,INSEE,Ficha_de_entidad_subnacional,código_postal,dbo:inseeCode,dbo:postalCode,Correctly different mappings,xsd:string,xsd:string,0.0016,0.9981,0.997,0,25011,40,24964,24937,0,25011,25011
Infobox_French_commune,elevation_min_m,Ficha_de_entidad_subnacional,población,dbo:minimumElevation,dbo:populationTotal,Correctly different mappings,xsd:double,xsd:nonNegativeInteger,0.0011,0.9989,0.999,0.2109,34744,39,34705,34709,7329,34744,34744
Infobox_person,death_date,Ficha_de_artista_musical,Tiempo,dbo:deathYear,dbo:activeYearsEndYear,Correctly different mappings,xsd:gYear,xsd:gYear,0.4634,0.1098,0.1585,0,82,38,9,13,0,82,82
Infobox_settlement,population_urban,Ficha_de_entidad_subnacional,población,dbo:populationUrban,dbo:populationTotal,Correct - Can be specialized,xsd:nonNegativeInteger,xsd:nonNegativeInteger,0.0419,0.9581,0.8919,0.2465,860,36,824,767,212,860,860
Infobox_F1_driver,Podiums,Ficha_de_piloto_de_carreras,victorias,dbo:podiums,dbo:wins,Correctly different mappings,xsd:nonNegativeInteger,xsd:nonNegativeInteger,0.407,0.593,0.5814,0.593,86,35,51,50,51,86,86
Infobox_company,foundation,Ficha_de_organización,fundacion,dbo:foundingYear,dbo:formationYear,Wrong Mapping - Ontology Issue,xsd:gYear,xsd:gYear,0.0245,0.0105,0,0.0364,1430,35,15,0,52,1430,1430
Infobox_German_location,postal_code,Ficha_de_localidad,código,dbo:postalCode,dbo:areaCode,Wrong Mapping - Mapping Issue,xsd:string,xsd:string,0.569,0.6552,1,0.2069,58,33,38,58,12,58,58
Infobox_German_location,postal_code,Ficha_de_localidad,prefijo,dbo:postalCode,dbo:areaCode,Correctly different mappings,xsd:string,xsd:string,0.5517,0.9655,1,0.2069,58,32,56,58,12,58,58
Infobox_UK_place,postcode_district,Ficha_de_localidad,código,dbo:postalCode,dbo:areaCode,Wrong Mapping - Mapping Issue,xsd:string,xsd:string,0.4156,0.5325,0.987,0.3896,77,32,41,76,30,77,77
Infobox_UK_place,postcode_district,Ficha_de_localidad,prefijo,dbo:postalCode,dbo:areaCode,Correctly different mappings,xsd:string,xsd:string,0.4156,0.9351,0.987,0.3896,77,32,72,76,30,77,77
Infobox_settlement,area_land_km2,Ficha_de_localidad_de_España,superficie,dbo:areaLand,dbo:areaTotal,Correctly different mappings,xsd:double,xsd:double,0.4098,0.5902,0.0328,0,61,25,36,2,0,61,61
Infobox_French_commune,elevation_m,Ficha_de_entidad_subnacional,elevación_alta,dbo:elevation,dbo:maximumElevation,Correctly different mappings,xsd:double,xsd:double,0.0049,0.9951,0.993,0,5132,25,5107,5096,0,5132,5132
Infobox_French_commune,elevation_max_m,Ficha_de_entidad_subnacional,población,dbo:maximumElevation,dbo:populationTotal,Correctly different mappings,xsd:double,xsd:nonNegativeInteger,0.0007,0.9993,0.9991,0.2115,34763,24,34739,34733,7353,34763,34763
Infobox_French_commune,elevation_max_m,Ficha_de_entidad_subnacional,elevación_media,dbo:maximumElevation,dbo:height,Wrong Mapping - Mapping Issue,xsd:double,xsd:double,0.0048,0.9952,0,0.9611,4959,24,4935,0,4766,4959,4959
Infobox_U.S._county,area_total_sq_mi,Ficha_de_entidad_subnacional,superficie_tierra,dbo:areaTotal,dbo:areaLand,Correctly different mappings,xsd:double,xsd:double,0.108,0.892,0.9202,0.1315,213,23,190,196,28,213,213
Infobox_French_commune,elevation_min_m,Ficha_de_entidad_subnacional,elevación_media,dbo:minimumElevation,dbo:height,Wrong Mapping - Mapping Issue,xsd:double,xsd:double,0.0044,0.9956,0,0.9623,4955,22,4933,0,4768,4955,4955
Infobox_French_commune,elevation_m,Ficha_de_entidad_subnacional,población,dbo:elevation,dbo:populationTotal,Correctly different mappings,xsd:double,xsd:nonNegativeInteger,0.0008,0.9992,0.9991,0,26822,22,26800,26797,0,26822,26822
Infobox_station,tracks,Ficha_de_estación,pasajeros,dbo:numberOfTracks,dbo:passengersPerYear,Correctly different mappings,xsd:nonNegativeInteger,xsd:nonNegativeInteger,0.0856,0.9339,0.7276,0,257,22,240,187,0,257,257
Infobox_French_commune,elevation_m,Ficha_de_entidad_subnacional,elevación_baja,dbo:elevation,dbo:minimumElevation,Correctly different mappings,xsd:double,xsd:double,0.0043,0.9957,0.9934,0,5128,22,5106,5094,0,5128,5128
Infobox_settlement,elevation_m,Ficha_de_entidad_subnacional,población,dbo:elevation,dbo:populationTotal,Correctly different mappings,xsd:double,xsd:nonNegativeInteger,0.0006,0.9293,0.982,0,36512,21,33931,35853,0,36512,36512
Infobox_settlement,population_density_km2,Ficha_de_entidad_subnacional,población,dbo:populationDensity,dbo:populationTotal,Correctly different mappings,xsd:double,xsd:nonNegativeInteger,0.0007,0.8823,0.9978,0,30256,21,26695,30188,0,30256,30256
Infobox_settlement,elevation_ft,Ficha_de_entidad_subnacional,población,dbo:elevation,dbo:populationTotal,Correctly different mappings,xsd:double,xsd:nonNegativeInteger,0.0006,0.8908,0.982,0,36512,21,32526,35853,0,36512,36512
Infobox_Scottish_island,highest_elevation,Ficha_de_isla,altitud,dbo:maximumElevation,dbo:elevation,Correctly different mappings,xsd:double,xsd:double,1,0,0,0,21,21,0,0,0,21,21
Infobox_rail_line,linelength,Ficha_de_transporte_público,longitud,dbo:lineLength,dbo:length,Correct - Can be specialized,xsd:double,xsd:double,0.38,0.26,0,0,50,19,13,0,0,50,50
Infobox_Station,code,Ficha_de_estación,código,dbo:agencyStationCode,dbo:code,Correct - Can be specialized,xsd:string,xsd:string,0.95,0.05,0,0,20,19,1,0,0,20,20
Infobox_Olympics_Canada,bronze,Ficha_de_país_en_los_Juegos_Olímpicos,oro,dbo:numberOfBronzeMedalsWon,dbo:numberOfGoldMedalsWon,Correctly different mappings,xsd:nonNegativeInteger,xsd:nonNegativeInteger,0.3778,0.6222,0.6222,0.6444,45,17,28,28,29,45,45
Infobox_color,c,Ficha_de_color,k,dbo:cmykCoordinateCyanic,dbo:cmykCoordinateBlack,Correctly different mappings,xsd:integer,xsd:integer,0.3617,0.6383,0.766,0.7234,47,17,30,36,34,47,47
Infobox_settlement,population_density_sq_mi,Ficha_de_entidad_subnacional,población,dbo:populationDensity,dbo:populationTotal,Correctly different mappings,xsd:double,xsd:nonNegativeInteger,0.0005,0.7916,0.9978,0,30256,16,23950,30188,0,30256,30256
Infobox_Olympics_Canada,gold,Ficha_de_país_en_los_Juegos_Olímpicos,bronce,dbo:numberOfGoldMedalsWon,dbo:numberOfBronzeMedalsWon,Correctly different mappings,xsd:nonNegativeInteger,xsd:nonNegativeInteger,0.3556,0.6444,0.6222,0.6444,45,16,29,28,29,45,45
Infobox_non-profit,founded_date,Ficha_de_organización,fundación,dbo:foundingYear,dbo:formationYear,Wrong Mapping - Ontology Issue,xsd:gYear,xsd:gYear,0.8,0.2,0,0,20,16,4,0,0,20,20
Infobox_station,ADA,Ficha_de_estación,pasajeros,dbo:isHandicappedAccessible,dbo:passengersPerYear,Correctly different mappings,xsd:boolean,xsd:nonNegativeInteger,0.0805,0.9483,0.908,0,174,14,165,158,0,174,174
Infobox_company,revenue,Ficha_de_organización,ingresos,dbo:revenue,dbo:operatingIncome,Wrong Mapping - Ontology Issue,xsd:double,xsd:double,0.0449,0.5096,0.6346,0.4391,312,14,159,198,137,312,312
Infobox_color,y,Ficha_de_color,k,dbo:cmykCoordinateYellow,dbo:cmykCoordinateBlack,Correctly different mappings,xsd:integer,xsd:integer,0.2979,0.7021,0.8511,0.6809,47,14,33,40,32,47,47
Infobox_road,length_mi,Ficha_de_vía_de_transporte,largo,dbo:length,dbo:lineLength,Correct - Can be specialized,xsd:double,xsd:double,0.0133,0.8382,0,0,1051,14,881,0,0,1051,1051
Infobox_settlement,postal_code,Ficha_de_entidad_subnacional,prefijo_telefónico_nombre,dbo:postalCode,dbo:areaCode,Correctly different mappings,xsd:string,xsd:string,0.0005,0.8723,0.9179,0.8453,26085,14,22755,23943,22050,26085,26085
Infobox_color,b,Ficha_de_color,b,dbo:rgbCoordinateBlue,dbo:rgbCoordinateGreen,Wrong Mapping - Mapping Issue,xsd:nonNegativeInteger,xsd:nonNegativeInteger,0.2203,0.7797,0.9153,0.9661,59,13,46,54,57,59,59
Infobox_color,k,Ficha_de_color,c,dbo:cmykCoordinateBlack,dbo:cmykCoordinateCyanic,Correctly different mappings,xsd:integer,xsd:integer,0.2766,0.7234,0.766,0.7234,47,13,34,36,34,47,47
Infobox_color,g,Ficha_de_color,g,dbo:rgbCoordinateGreen,dbo:rgbCoordinateBlue,Wrong Mapping - Mapping Issue,xsd:nonNegativeInteger,xsd:nonNegativeInteger,0.2203,0.7797,0.9153,0.9661,59,13,46,54,57,59,59
Infobox_Olympics_Switzerland,bronze,Ficha_de_país_en_los_Juegos_Olímpicos,oro,dbo:numberOfBronzeMedalsWon,dbo:numberOfGoldMedalsWon,Correctly different mappings,xsd:nonNegativeInteger,xsd:nonNegativeInteger,0.2667,0.7333,0.7333,0.7333,45,12,33,33,33,45,45
Infobox_Olympics_Belgium,gold,Ficha_de_país_en_los_Juegos_Olímpicos,plata,dbo:numberOfGoldMedalsWon,dbo:numberOfSilverMedalsWon,Correctly different mappings,xsd:nonNegativeInteger,xsd:nonNegativeInteger,0.4444,0.5556,0.5556,0.5556,27,12,15,15,15,27,27
Infobox_Olympics_Switzerland,bronze,Ficha_de_país_en_los_Juegos_Olímpicos,plata,dbo:numberOfBronzeMedalsWon,dbo:numberOfSilverMedalsWon,Correctly different mappings,xsd:nonNegativeInteger,xsd:nonNegativeInteger,0.2667,0.7333,0.7333,0.7333,45,12,33,33,33,45,45
Infobox_Olympics_Switzerland,silver,Ficha_de_país_en_los_Juegos_Olímpicos,oro,dbo:numberOfSilverMedalsWon,dbo:numberOfGoldMedalsWon,Correctly different mappings,xsd:nonNegativeInteger,xsd:nonNegativeInteger,0.2667,0.7333,0.7333,0.7333,45,12,33,33,33,45,45
Infobox_Olympics_Switzerland,gold,Ficha_de_país_en_los_Juegos_Olímpicos,plata,dbo:numberOfGoldMedalsWon,dbo:numberOfSilverMedalsWon,Correctly different mappings,xsd:nonNegativeInteger,xsd:nonNegativeInteger,0.2667,0.7333,0.7333,0.7333,45,12,33,33,33,45,45
Infobox_Olympics_Switzerland,silver,Ficha_de_país_en_los_Juegos_Olímpicos,bronce,dbo:numberOfSilverMedalsWon,dbo:numberOfBronzeMedalsWon,Correctly different mappings,xsd:nonNegativeInteger,xsd:nonNegativeInteger,0.2667,0.7333,0.7333,0.7333,45,12,33,33,33,45,45
Infobox_publisher,founded,Ficha_de_organización,fundación,dbo:foundingYear,dbo:formationYear,Correct - Can be specialized,xsd:gYear,xsd:gYear,0.7059,0.2941,0,0,17,12,5,0,0,17,17
Infobox_Olympics_Italy,gold,Ficha_de_país_en_los_Juegos_Olímpicos,bronce,dbo:numberOfGoldMedalsWon,dbo:numberOfBronzeMedalsWon,Correctly different mappings,xsd:nonNegativeInteger,xsd:nonNegativeInteger,0.2857,0.7143,0.7143,0.7143,42,12,30,30,30,42,42
Infobox_Olympics_Belgium,silver,Ficha_de_país_en_los_Juegos_Olímpicos,oro,dbo:numberOfSilverMedalsWon,dbo:numberOfGoldMedalsWon,Correctly different mappings,xsd:nonNegativeInteger,xsd:nonNegativeInteger,0.4444,0.5556,0.5556,0.5556,27,12,15,15,15,27,27
Infobox_Olympics_Italy,bronze,Ficha_de_país_en_los_Juegos_Olímpicos,oro,dbo:numberOfBronzeMedalsWon,dbo:numberOfGoldMedalsWon,Correctly different mappings,xsd:nonNegativeInteger,xsd:nonNegativeInteger,0.2857,0.7143,0.7143,0.7143,42,12,30,30,30,42,42
Infobox_Television_episode,Episode,Ficha_de_episodio_de_televisión,temporada,dbo:episodeNumber,dbo:seasonNumber,Correctly different mappings,xsd:nonNegativeInteger,xsd:nonNegativeInteger,0.0755,0.9371,0.9371,0.9434,159,12,149,149,150,159,159
Infobox_Olympics_Switzerland,gold,Ficha_de_país_en_los_Juegos_Olímpicos,bronce,dbo:numberOfGoldMedalsWon,dbo:numberOfBronzeMedalsWon,Correctly different mappings,xsd:nonNegativeInteger,xsd:nonNegativeInteger,0.2667,0.7333,0.7333,0.7333,45,12,33,33,33,45,45
Infobox_Olympics_Sweden,silver,Ficha_de_país_en_los_Juegos_Olímpicos,oro,dbo:numberOfSilverMedalsWon,dbo:numberOfGoldMedalsWon,Correctly different mappings,xsd:nonNegativeInteger,xsd:nonNegativeInteger,0.25,0.75,0.7273,0.75,44,11,33,32,33,44,44
Infobox_Olympics_Austria,silver,Ficha_de_país_en_los_Juegos_Olímpicos,bronce,dbo:numberOfSilverMedalsWon,dbo:numberOfBronzeMedalsWon,Correctly different mappings,xsd:nonNegativeInteger,xsd:nonNegativeInteger,0.25,0.75,0.75,0.75,44,11,33,33,33,44,44
Infobox_Olympics_Sweden,gold,Ficha_de_país_en_los_Juegos_Olímpicos,plata,dbo:numberOfGoldMedalsWon,dbo:numberOfSilverMedalsWon,Correctly different mappings,xsd:nonNegativeInteger,xsd:nonNegativeInteger,0.2558,0.7442,0.7442,0.7442,43,11,32,32,32,43,43
Infobox_settlement,elevation_m,Ficha_de_localidad_de_España,altitud,dbo:elevation,dbo:height,Wrong Mapping - Mapping Issue,xsd:double,xsd:double,0.9167,0.0833,0,0,12,11,1,0,0,12,12
Infobox_London_station,railcode,Ficha_de_estación,código,dbo:agencyStationCode,dbo:code,Correct - Can be specialized,xsd:string,xsd:string,1,0,0,0,11,11,0,0,0,11,11
Infobox_Olympics_Austria,silver,Ficha_de_país_en_los_Juegos_Olímpicos,oro,dbo:numberOfSilverMedalsWon,dbo:numberOfGoldMedalsWon,Correctly different mappings,xsd:nonNegativeInteger,xsd:nonNegativeInteger,0.25,0.75,0.7273,0.75,44,11,33,32,33,44,44
Infobox_Television_episode,Season,Ficha_de_episodio_de_televisión,episodio,dbo:seasonNumber,dbo:episodeNumber,Correctly different mappings,xsd:nonNegativeInteger,xsd:nonNegativeInteger,0.0692,0.9308,0.9371,0.9434,159,11,148,149,150,159,159
Infobox_Olympics_Austria,bronze,Ficha_de_país_en_los_Juegos_Olímpicos,plata,dbo:numberOfBronzeMedalsWon,dbo:numberOfSilverMedalsWon,Correctly different mappings,xsd:nonNegativeInteger,xsd:nonNegativeInteger,0.25,0.75,0.75,0.75,44,11,33,33,33,44,44
Infobox_Olympics_Austria,gold,Ficha_de_país_en_los_Juegos_Olímpicos,plata,dbo:numberOfGoldMedalsWon,dbo:numberOfSilverMedalsWon,Correctly different mappings,xsd:nonNegativeInteger,xsd:nonNegativeInteger,0.2558,0.7442,0.7442,0.7442,43,11,32,32,32,43,43
Infobox_settlement,elevation_m,Ficha_de_localidad,altitud,dbo:elevation,dbo:height,Wrong Mapping - Mapping Issue,xsd:double,xsd:double,0.6471,0.1176,0,0,17,11,2,0,0,17,17
Infobox_Olympics_France,silver,Ficha_de_país_en_los_Juegos_Olímpicos,oro,dbo:numberOfSilverMedalsWon,dbo:numberOfGoldMedalsWon,Correctly different mappings,xsd:nonNegativeInteger,xsd:nonNegativeInteger,0.2174,0.7826,0.7826,0.7826,46,10,36,36,36,46,46
Infobox_Olympics_France,gold,Ficha_de_país_en_los_Juegos_Olímpicos,plata,dbo:numberOfGoldMedalsWon,dbo:numberOfSilverMedalsWon,Correctly different mappings,xsd:nonNegativeInteger,xsd:nonNegativeInteger,0.2174,0.7826,0.7826,0.7826,46,10,36,36,36,46,46
Infobox_settlement,area_code,Ficha_de_entidad_subnacional,cp,dbo:areaCode,dbo:postalCode,Correctly different mappings,xsd:string,xsd:string,0.0004,0.7159,0.9123,0.9906,22781,10,16309,20783,22567,22781,22781
Infobox_Olympics_Norway,silver,Ficha_de_país_en_los_Juegos_Olímpicos,bronce,dbo:numberOfSilverMedalsWon,dbo:numberOfBronzeMedalsWon,Correctly different mappings,xsd:nonNegativeInteger,xsd:nonNegativeInteger,0.25,0.75,0.75,0.75,40,10,30,30,30,40,40
Infobox_rail_line,linelength_km,Ficha_de_transporte_público,longitud,dbo:lineLength,dbo:length,Correct - Can be specialized,xsd:double,xsd:double,0.2,0.18,0,0,50,10,9,0,0,50,50
Infobox_Olympics_Great_Britain,gold,Ficha_de_país_en_los_Juegos_Olímpicos,plata,dbo:numberOfGoldMedalsWon,dbo:numberOfSilverMedalsWon,Correctly different mappings,xsd:nonNegativeInteger,xsd:nonNegativeInteger,0.2564,0.7436,0.7436,0.7436,39,10,29,29,29,39,39
Infobox_Olympics_Norway,bronze,Ficha_de_país_en_los_Juegos_Olímpicos,plata,dbo:numberOfBronzeMedalsWon,dbo:numberOfSilverMedalsWon,Correctly different mappings,xsd:nonNegativeInteger,xsd:nonNegativeInteger,0.25,0.75,0.75,0.75,40,10,30,30,30,40,40
Infobox_Station,ADA,Ficha_de_estación,pasajeros,dbo:isHandicappedAccessible,dbo:passengersPerYear,Wrong Mapping - Mapping Issue,xsd:boolean,xsd:nonNegativeInteger,0.1613,0.9032,0.9839,0,62,10,56,61,0,62,62
Infobox_Olympics_Great_Britain,silver,Ficha_de_país_en_los_Juegos_Olímpicos,oro,dbo:numberOfSilverMedalsWon,dbo:numberOfGoldMedalsWon,Correctly different mappings,xsd:nonNegativeInteger,xsd:nonNegativeInteger,0.2564,0.7436,0.7436,0.7436,39,10,29,29,29,39,39
Infobox_Olympics_Italy,silver,Ficha_de_país_en_los_Juegos_Olímpicos,oro,dbo:numberOfSilverMedalsWon,dbo:numberOfGoldMedalsWon,Correctly different mappings,xsd:nonNegativeInteger,xsd:nonNegativeInteger,0.2143,0.7857,0.7857,0.7857,42,9,33,33,33,42,42
Infobox_U.S._County,area_land_sq_mi,Ficha_de_entidad_subnacional,superficie,dbo:areaLand,dbo:areaTotal,Correct - Can be specialized,xsd:double,xsd:double,0.0573,0.9427,0.9363,0.8917,157,9,148,147,140,157,157
Infobox_French_commune,population,Ficha_de_entidad_subnacional,elevación_alta,dbo:populationTotal,dbo:maximumElevation,Correctly different mappings,xsd:nonNegativeInteger,xsd:double,0.0012,0.9988,0.9957,0.9988,7385,9,7376,7353,7376,7385,7385
Infobox_color,s,Ficha_de_color,m,dbo:hsvCoordinateSaturation,dbo:cmykCoordinateMagenta,Correctly different mappings,xsd:integer,xsd:integer,0.1837,0.8163,0.6939,0.9184,49,9,40,34,45,49,49
Infobox_Olympics_Canada,silver,Ficha_de_país_en_los_Juegos_Olímpicos,bronce,dbo:numberOfSilverMedalsWon,dbo:numberOfBronzeMedalsWon,Correctly different mappings,xsd:nonNegativeInteger,xsd:nonNegativeInteger,0.2,0.8,0.7778,0.8,45,9,36,35,36,45,45
Infobox_Olympics_Canada,bronze,Ficha_de_país_en_los_Juegos_Olímpicos,plata,dbo:numberOfBronzeMedalsWon,dbo:numberOfSilverMedalsWon,Correctly different mappings,xsd:nonNegativeInteger,xsd:nonNegativeInteger,0.2,0.8,0.7778,0.8,45,9,36,35,36,45,45
Infobox_Olympics_Netherlands,gold,Ficha_de_país_en_los_Juegos_Olímpicos,plata,dbo:numberOfGoldMedalsWon,dbo:numberOfSilverMedalsWon,Correctly different mappings,xsd:nonNegativeInteger,xsd:nonNegativeInteger,0.2368,0.7632,0.7632,0.7632,38,9,29,29,29,38,38
Infobox_Olympics_Italy,gold,Ficha_de_país_en_los_Juegos_Olímpicos,plata,dbo:numberOfGoldMedalsWon,dbo:numberOfSilverMedalsWon,Correctly different mappings,xsd:nonNegativeInteger,xsd:nonNegativeInteger,0.2143,0.7857,0.7857,0.7857,42,9,33,33,33,42,42
Infobox_color,k,Ficha_de_color,y,dbo:cmykCoordinateBlack,dbo:cmykCoordinateYellow,Correctly different mappings,xsd:integer,xsd:integer,0.1915,0.8085,0.8511,0.6809,47,9,38,40,32,47,47
Infobox_Olympics_Netherlands,silver,Ficha_de_país_en_los_Juegos_Olímpicos,oro,dbo:numberOfSilverMedalsWon,dbo:numberOfGoldMedalsWon,Correctly different mappings,xsd:nonNegativeInteger,xsd:nonNegativeInteger,0.2368,0.7632,0.7632,0.7632,38,9,29,29,29,38,38
Infobox_mountain,elevation,Ficha_de_montaña,Elevación,dbo:elevation,dbo:prominence,Wrong Mapping - Mapping Issue,xsd:double,xsd:double,0.01,0.0138,0.5388,0,798,8,11,430,0,798,798
Infobox_Olympics_Finland,gold,Ficha_de_país_en_los_Juegos_Olímpicos,plata,dbo:numberOfGoldMedalsWon,dbo:numberOfSilverMedalsWon,Correctly different mappings,xsd:nonNegativeInteger,xsd:nonNegativeInteger,0.186,0.814,0.814,0.814,43,8,35,35,35,43,43
Infobox_settlement,elevation_max_m,Ficha_de_isla,altitud,dbo:maximumElevation,dbo:elevation,Correctly different mappings,xsd:double,xsd:double,0.8,0.2,0,0,10,8,2,0,0,10,10
Infobox_station,zone,Ficha_de_estación,andenes,dbo:fareZone,dbo:railwayPlatforms,Correctly different mappings,xsd:string,xsd:string,0.0388,0.9369,0.1845,0.0534,206,8,193,38,11,206,206
Infobox_settlement,population_metro,Ficha_de_entidad_subnacional,población,dbo:populationMetro,dbo:populationTotal,Correct - Can be specialized,xsd:nonNegativeInteger,xsd:nonNegativeInteger,0.0076,0.9924,0.9544,0.2101,1052,8,1044,1004,221,1052,1052
Infobox_record_label,founded,Ficha_de_organización,fundación,dbo:foundingYear,dbo:formationYear,Wrong Mapping - Ontology Issue,xsd:gYear,xsd:gYear,0.8889,0.1111,0,0,9,8,1,0,0,9,9
Infobox_Olympics_Canada,silver,Ficha_de_país_en_los_Juegos_Olímpicos,oro,dbo:numberOfSilverMedalsWon,dbo:numberOfGoldMedalsWon,Correctly different mappings,xsd:nonNegativeInteger,xsd:nonNegativeInteger,0.1778,0.8222,0.8222,0.8444,45,8,37,37,38,45,45
Infobox_Olympics_Netherlands,silver,Ficha_de_país_en_los_Juegos_Olímpicos,bronce,dbo:numberOfSilverMedalsWon,dbo:numberOfBronzeMedalsWon,Correctly different mappings,xsd:nonNegativeInteger,xsd:nonNegativeInteger,0.2105,0.7895,0.7895,0.7895,38,8,30,30,30,38,38
Infobox_settlement,postal_code,Ficha_de_entidad_subnacional,prefijo,dbo:postalCode,dbo:areaCode,Correctly different mappings,xsd:string,xsd:string,0.0003,0.3616,0.9179,0.8453,26085,8,9432,23943,22050,26085,26085
Infobox_public_transit,top_speed,Ficha_de_transporte_público,velocidad_máxima,dbo:topSpeed,dbo:speedLimit,Wrong Mapping - Ontology Issue,xsd:double,xsd:double,1,0.75,0,0,8,8,6,0,0,8,8
Infobox_Olympics_Finland,silver,Ficha_de_país_en_los_Juegos_Olímpicos,oro,dbo:numberOfSilverMedalsWon,dbo:numberOfGoldMedalsWon,Correctly different mappings,xsd:nonNegativeInteger,xsd:nonNegativeInteger,0.186,0.814,0.814,0.814,43,8,35,35,35,43,43
Infobox_settlement,population_total,Ficha_de_entidad_subnacional,población_urb,dbo:populationTotal,dbo:populationUrban,Correctly different mappings,xsd:nonNegativeInteger,xsd:nonNegativeInteger,0.014,0.986,0.3636,0.972,572,8,564,208,556,572,572
Infobox_Military_Conflict,strength1,Ficha_de_conflicto_militar,combatientes1,dbo:strength,dbo:combatant,Correctly different mappings,xsd:string,xsd:string,0.0421,0.9684,0.9263,0,190,8,184,176,0,190,190
Infobox_Military_Conflict,strength1,Ficha_de_conflicto_militar,soldados1,dbo:strength,dbo:combatant,Correctly different mappings,xsd:string,xsd:string,0.0421,0.8421,0.9263,0,190,8,160,176,0,190,190
Infobox_Olympics_Italy,bronze,Ficha_de_país_en_los_Juegos_Olímpicos,plata,dbo:numberOfBronzeMedalsWon,dbo:numberOfSilverMedalsWon,Correctly different mappings,xsd:nonNegativeInteger,xsd:nonNegativeInteger,0.1905,0.8095,0.8095,0.8095,42,8,34,34,34,42,42
Infobox_language,iso3,Ficha_de_idioma,iso1,dbo:iso6393Code,dbo:iso6391Code,Correctly different mappings,xsd:string,xsd:string,0.0289,0.9711,0.5054,0.87,277,8,269,140,241,277,277
Infobox_Olympics_Italy,silver,Ficha_de_país_en_los_Juegos_Olímpicos,bronce,dbo:numberOfSilverMedalsWon,dbo:numberOfBronzeMedalsWon,Correctly different mappings,xsd:nonNegativeInteger,xsd:nonNegativeInteger,0.1905,0.8095,0.8095,0.8095,42,8,34,34,34,42,42
Infobox_GB_station,code,Ficha_de_estación,código,dbo:agencyStationCode,dbo:code,Correct - Can be specialized,xsd:string,xsd:string,1,0,0,0,8,8,0,0,0,8,8
Infobox_Olympics_Netherlands,bronze,Ficha_de_país_en_los_Juegos_Olímpicos,plata,dbo:numberOfBronzeMedalsWon,dbo:numberOfSilverMedalsWon,Correctly different mappings,xsd:nonNegativeInteger,xsd:nonNegativeInteger,0.2105,0.7895,0.7895,0.7895,38,8,30,30,30,38,38
Infobox_Military_Conflict,strength1,Ficha_de_conflicto_militar,soldados2,dbo:strength,dbo:combatant,Correctly different mappings,xsd:string,xsd:string,0.0421,0.7842,0.9263,0,190,8,149,176,0,190,190
Infobox_Military_Conflict,strength1,Ficha_de_conflicto_militar,combatientes2,dbo:strength,dbo:combatant,Correctly different mappings,xsd:string,xsd:string,0.0421,0.9579,0.9263,0,190,8,182,176,0,190,190
Infobox_Olympics_France,gold,Ficha_de_país_en_los_Juegos_Olímpicos,bronce,dbo:numberOfGoldMedalsWon,dbo:numberOfBronzeMedalsWon,Correctly different mappings,xsd:nonNegativeInteger,xsd:nonNegativeInteger,0.1522,0.8478,0.8478,0.8478,46,7,39,39,39,46,46
Infobox_Olympics_Belgium,silver,Ficha_de_país_en_los_Juegos_Olímpicos,bronce,dbo:numberOfSilverMedalsWon,dbo:numberOfBronzeMedalsWon,Correctly different mappings,xsd:nonNegativeInteger,xsd:nonNegativeInteger,0.2593,0.7407,0.7037,0.7407,27,7,20,19,20,27,27
Infobox_badminton_player,height,Ficha_de_jugador_de_bádminton,altura,dbo:height,dbo:hipSize,Wrong Mapping - Mapping Issue,xsd:double,xsd:double,0.6364,0.3636,0,0,11,7,4,0,0,11,11
Infobox_Olympics_France,bronze,Ficha_de_país_en_los_Juegos_Olímpicos,total,dbo:numberOfBronzeMedalsWon,dbo:numberOfOfficials,Correctly different mappings,xsd:nonNegativeInteger,xsd:nonNegativeInteger,0.1522,0.8478,0,0.8478,46,7,39,0,39,46,46
Infobox_Olympics_Austria,bronze,Ficha_de_país_en_los_Juegos_Olímpicos,oro,dbo:numberOfBronzeMedalsWon,dbo:numberOfGoldMedalsWon,Correctly different mappings,xsd:nonNegativeInteger,xsd:nonNegativeInteger,0.1591,0.8409,0.8182,0.8409,44,7,37,36,37,44,44
Infobox_color,g,Ficha_de_color,k,dbo:rgbCoordinateGreen,dbo:cmykCoordinateBlack,Correctly different mappings,xsd:nonNegativeInteger,xsd:integer,0.1346,0.8654,0.8269,0.9231,52,7,45,43,48,52,52
Persondata,DATE_OF_DEATH,Ficha_de_actor,año_retiro,dbo:deathYear,dbo:year,Correct - Can be specialized,xsd:gYear,xsd:gYear,0.5385,0.4615,0,0,13,7,6,0,0,13,13
Infobox_Olympics_Austria,gold,Ficha_de_país_en_los_Juegos_Olímpicos,bronce,dbo:numberOfGoldMedalsWon,dbo:numberOfBronzeMedalsWon,Correctly different mappings,xsd:nonNegativeInteger,xsd:nonNegativeInteger,0.1628,0.8372,0.8372,0.8372,43,7,36,36,36,43,43
Infobox_Olympics_Finland,bronze,Ficha_de_país_en_los_Juegos_Olímpicos,oro,dbo:numberOfBronzeMedalsWon,dbo:numberOfGoldMedalsWon,Correctly different mappings,xsd:nonNegativeInteger,xsd:nonNegativeInteger,0.1628,0.8372,0.8372,0.8372,43,7,36,36,36,43,43
Infobox_Olympics_United_States,gold,Ficha_de_país_en_los_Juegos_Olímpicos,bronce,dbo:numberOfGoldMedalsWon,dbo:numberOfBronzeMedalsWon,Correctly different mappings,xsd:nonNegativeInteger,xsd:nonNegativeInteger,0.35,0.65,0.65,0.65,20,7,13,13,13,20,20
Infobox_person,death_date,Ficha_de_actriz,año_retiro,dbo:deathYear,dbo:year,Correctly different mappings,xsd:gYear,xsd:gYear,0.4667,0.5333,0,0,15,7,8,0,0,15,15
Infobox_Military_Conflict,strength2,Ficha_de_conflicto_militar,combatientes1,dbo:strength,dbo:combatant,Correctly different mappings,xsd:string,xsd:string,0.0368,0.8316,0.9263,0,190,7,158,176,0,190,190
Infobox_Olympics_Norway,gold,Ficha_de_país_en_los_Juegos_Olímpicos,plata,dbo:numberOfGoldMedalsWon,dbo:numberOfSilverMedalsWon,Correctly different mappings,xsd:nonNegativeInteger,xsd:nonNegativeInteger,0.175,0.825,0.825,0.825,40,7,33,33,33,40,40
Infobox_Olympics_Finland,gold,Ficha_de_país_en_los_Juegos_Olímpicos,bronce,dbo:numberOfGoldMedalsWon,dbo:numberOfBronzeMedalsWon,Correctly different mappings,xsd:nonNegativeInteger,xsd:nonNegativeInteger,0.1628,0.8372,0.8372,0.8372,43,7,36,36,36,43,43
Infobox_Military_Conflict,strength2,Ficha_de_conflicto_militar,combatientes2,dbo:strength,dbo:combatant,Correctly different mappings,xsd:string,xsd:string,0.0368,0.8263,0.9263,0,190,7,157,176,0,190,190
Infobox_Military_Conflict,strength2,Ficha_de_conflicto_militar,soldados1,dbo:strength,dbo:combatant,Correctly different mappings,xsd:string,xsd:string,0.0368,0.7632,0.9263,0,190,7,145,176,0,190,190
Infobox_Olympics_Belgium,bronze,Ficha_de_país_en_los_Juegos_Olímpicos,plata,dbo:numberOfBronzeMedalsWon,dbo:numberOfSilverMedalsWon,Correctly different mappings,xsd:nonNegativeInteger,xsd:nonNegativeInteger,0.2692,0.7308,0.7308,0.7308,26,7,19,19,19,26,26
Infobox_Olympics_Finland,silver,Ficha_de_país_en_los_Juegos_Olímpicos,bronce,dbo:numberOfSilverMedalsWon,dbo:numberOfBronzeMedalsWon,Correctly different mappings,xsd:nonNegativeInteger,xsd:nonNegativeInteger,0.1628,0.8372,0.8372,0.8372,43,7,36,36,36,43,43
Infobox_settlement,postal_code,Ficha_de_entidad_subnacional,prefijo_telefónico,dbo:postalCode,dbo:areaCode,Correctly different mappings,xsd:string,xsd:string,0.0003,0.3269,0.9179,0.8453,26085,7,8527,23943,22050,26085,26085
Infobox_Olympics_Great_Britain,silver,Ficha_de_país_en_los_Juegos_Olímpicos,bronce,dbo:numberOfSilverMedalsWon,dbo:numberOfBronzeMedalsWon,Correctly different mappings,xsd:nonNegativeInteger,xsd:nonNegativeInteger,0.1795,0.8205,0.8205,0.8205,39,7,32,32,32,39,39
Infobox_Olympics_Norway,silver,Ficha_de_país_en_los_Juegos_Olímpicos,oro,dbo:numberOfSilverMedalsWon,dbo:numberOfGoldMedalsWon,Correctly different mappings,xsd:nonNegativeInteger,xsd:nonNegativeInteger,0.175,0.825,0.825,0.825,40,7,33,33,33,40,40
Infobox_Olympics_France,bronze,Ficha_de_país_en_los_Juegos_Olímpicos,oro,dbo:numberOfBronzeMedalsWon,dbo:numberOfGoldMedalsWon,Correctly different mappings,xsd:nonNegativeInteger,xsd:nonNegativeInteger,0.1522,0.8478,0.8478,0.8478,46,7,39,39,39,46,46
Infobox_Olympics_Finland,bronze,Ficha_de_país_en_los_Juegos_Olímpicos,plata,dbo:numberOfBronzeMedalsWon,dbo:numberOfSilverMedalsWon,Correctly different mappings,xsd:nonNegativeInteger,xsd:nonNegativeInteger,0.1628,0.8372,0.8372,0.8372,43,7,36,36,36,43,43
Infobox_Olympics_United_States,bronze,Ficha_de_país_en_los_Juegos_Olímpicos,oro,dbo:numberOfBronzeMedalsWon,dbo:numberOfGoldMedalsWon,Correctly different mappings,xsd:nonNegativeInteger,xsd:nonNegativeInteger,0.35,0.65,0.65,0.65,20,7,13,13,13,20,20
Infobox_Olympics_Great_Britain,bronze,Ficha_de_país_en_los_Juegos_Olímpicos,plata,dbo:numberOfBronzeMedalsWon,dbo:numberOfSilverMedalsWon,Correctly different mappings,xsd:nonNegativeInteger,xsd:nonNegativeInteger,0.1795,0.8205,0.8205,0.8205,39,7,32,32,32,39,39
Infobox_Olympics_Canada,gold,Ficha_de_país_en_los_Juegos_Olímpicos,plata,dbo:numberOfGoldMedalsWon,dbo:numberOfSilverMedalsWon,Correctly different mappings,xsd:nonNegativeInteger,xsd:nonNegativeInteger,0.1556,0.8444,0.8222,0.8444,45,7,38,37,38,45,45
Infobox_Military_Conflict,strength2,Ficha_de_conflicto_militar,soldados2,dbo:strength,dbo:combatant,Correctly different mappings,xsd:string,xsd:string,0.0368,0.7421,0.9263,0,190,7,141,176,0,190,190
Infobox_islands,length_km,Ficha_de_isla,ancho,dbo:length,dbo:width,Correctly different mappings,xsd:double,xsd:double,0.0536,0.8036,0.4107,0.9643,112,6,90,46,108,112,112
Infobox_Olympics_France,bronze,Ficha_de_país_en_los_Juegos_Olímpicos,plata,dbo:numberOfBronzeMedalsWon,dbo:numberOfSilverMedalsWon,Correctly different mappings,xsd:nonNegativeInteger,xsd:nonNegativeInteger,0.1304,0.8696,0.8696,0.8696,46,6,40,40,40,46,46
Infobox_Olympics_Sweden,bronze,Ficha_de_país_en_los_Juegos_Olímpicos,plata,dbo:numberOfBronzeMedalsWon,dbo:numberOfSilverMedalsWon,Correctly different mappings,xsd:nonNegativeInteger,xsd:nonNegativeInteger,0.1364,0.8636,0.8636,0.8636,44,6,38,38,38,44,44
Infobox_Olympics_Netherlands,bronze,Ficha_de_país_en_los_Juegos_Olímpicos,oro,dbo:numberOfBronzeMedalsWon,dbo:numberOfGoldMedalsWon,Correctly different mappings,xsd:nonNegativeInteger,xsd:nonNegativeInteger,0.1579,0.8421,0.8421,0.8421,38,6,32,32,32,38,38
Infobox_Olympics_Australia,silver,Ficha_de_país_en_los_Juegos_Olímpicos,oro,dbo:numberOfSilverMedalsWon,dbo:numberOfGoldMedalsWon,Correctly different mappings,xsd:nonNegativeInteger,xsd:nonNegativeInteger,0.2222,0.7778,0.7778,0.7778,27,6,21,21,21,27,27
Infobox_Olympics_France,silver,Ficha_de_país_en_los_Juegos_Olímpicos,bronce,dbo:numberOfSilverMedalsWon,dbo:numberOfBronzeMedalsWon,Correctly different mappings,xsd:nonNegativeInteger,xsd:nonNegativeInteger,0.1304,0.8696,0.8696,0.8696,46,6,40,40,40,46,46
Infobox_Olympics_Australia,gold,Ficha_de_país_en_los_Juegos_Olímpicos,plata,dbo:numberOfGoldMedalsWon,dbo:numberOfSilverMedalsWon,Correctly different mappings,xsd:nonNegativeInteger,xsd:nonNegativeInteger,0.2222,0.7778,0.7778,0.7778,27,6,21,21,21,27,27
Infobox_Olympics_Hungary,silver,Ficha_de_país_en_los_Juegos_Olímpicos,oro,dbo:numberOfSilverMedalsWon,dbo:numberOfGoldMedalsWon,Correctly different mappings,xsd:nonNegativeInteger,xsd:nonNegativeInteger,0.1935,0.8065,0.8065,0.8065,31,6,25,25,25,31,31
Infobox_Olympics_Sweden,silver,Ficha_de_país_en_los_Juegos_Olímpicos,bronce,dbo:numberOfSilverMedalsWon,dbo:numberOfBronzeMedalsWon,Correctly different mappings,xsd:nonNegativeInteger,xsd:nonNegativeInteger,0.1364,0.8636,0.8636,0.8636,44,6,38,38,38,44,44
Infobox_Olympics_Netherlands,gold,Ficha_de_país_en_los_Juegos_Olímpicos,bronce,dbo:numberOfGoldMedalsWon,dbo:numberOfBronzeMedalsWon,Correctly different mappings,xsd:nonNegativeInteger,xsd:nonNegativeInteger,0.1579,0.8421,0.8421,0.8421,38,6,32,32,32,38,38
Infobox_company,foundation,Infobox_Company,fundación,dbo:foundingYear,dbo:formationYear,Wrong Mapping - Ontology Issue,xsd:gYear,xsd:gYear,0.6667,0.3333,0,0,9,6,3,0,0,9,9
Infobox_Olympics_Hungary,gold,Ficha_de_país_en_los_Juegos_Olímpicos,plata,dbo:numberOfGoldMedalsWon,dbo:numberOfSilverMedalsWon,Correctly different mappings,xsd:nonNegativeInteger,xsd:nonNegativeInteger,0.1935,0.8065,0.8065,0.8065,31,6,25,25,25,31,31
Infobox_street,length_km,Ficha_de_vía_de_transporte,largo,dbo:length,dbo:lineLength,Correct - Can be specialized,xsd:double,xsd:double,0.5,0.1667,0,0,12,6,2,0,0,12,12
Infobox_settlement,postal_code,Ficha_de_localidad,código,dbo:postalCode,dbo:areaCode,Correctly different mappings,xsd:string,xsd:string,0.012,0.1526,0.8655,0.9076,498,6,76,431,452,498,498
Geobox,area_code,Ficha_de_entidad_subnacional,código_postal_nombre,dbo:areaCode,dbo:postalCode,Correctly different mappings,xsd:string,xsd:string,0.0035,0.7671,0.7191,0.9642,1730,6,1327,1244,1668,1730,1730
Infobox_color,m,Ficha_de_color,c,dbo:cmykCoordinateMagenta,dbo:cmykCoordinateCyanic,Correctly different mappings,xsd:integer,xsd:integer,0.1064,0.8936,0.8511,0.8936,47,5,42,40,42,47,47
Infobox_University,undergrad,Ficha_de_universidad,estudiantes,dbo:numberOfUndergraduateStudents,dbo:numberOfStudents,Correctly different mappings,xsd:nonNegativeInteger,xsd:nonNegativeInteger,0.037,0.963,0.6222,0.4741,135,5,130,84,64,135,135
Infobox_Olympics_Switzerland,gold,Ficha_de_país_en_los_Juegos_Olímpicos,total,dbo:numberOfGoldMedalsWon,dbo:numberOfOfficials,Correctly different mappings,xsd:nonNegativeInteger,xsd:nonNegativeInteger,0.1111,0.8889,0,0.8889,45,5,40,0,40,45,45
Infobox_Olympics_Great_Britain,gold,Ficha_de_país_en_los_Juegos_Olímpicos,total,dbo:numberOfGoldMedalsWon,dbo:numberOfOfficials,Correctly different mappings,xsd:nonNegativeInteger,xsd:nonNegativeInteger,0.1282,0.8718,0.0256,0.8718,39,5,34,1,34,39,39
Infobox_Olympics_Greece,silver,Ficha_de_país_en_los_Juegos_Olímpicos,oro,dbo:numberOfSilverMedalsWon,dbo:numberOfGoldMedalsWon,Correctly different mappings,xsd:nonNegativeInteger,xsd:nonNegativeInteger,0.2941,0.7059,0.6471,0.7059,17,5,12,11,12,17,17
Infobox_color,b,Ficha_de_color,c,dbo:rgbCoordinateBlue,dbo:cmykCoordinateCyanic,Correctly different mappings,xsd:nonNegativeInteger,xsd:integer,0.0962,0.9038,0.7885,0.9423,52,5,47,41,49,52,52
Infobox_color,c,Ficha_de_color,m,dbo:cmykCoordinateCyanic,dbo:cmykCoordinateMagenta,Correctly different mappings,xsd:integer,xsd:integer,0.1064,0.8936,0.8511,0.8936,47,5,42,40,42,47,47
Infobox_Olympics_Hungary,gold,Ficha_de_país_en_los_Juegos_Olímpicos,bronce,dbo:numberOfGoldMedalsWon,dbo:numberOfBronzeMedalsWon,Correctly different mappings,xsd:nonNegativeInteger,xsd:nonNegativeInteger,0.1613,0.8387,0.8387,0.8387,31,5,26,26,26,31,31
Infobox_color,r,Ficha_de_color,g,dbo:rgbCoordinateRed,dbo:rgbCoordinateBlue,Correctly different mappings,xsd:nonNegativeInteger,xsd:nonNegativeInteger,0.0847,0.9153,0.8814,0.9153,59,5,54,52,54,59,59
Infobox_Olympics_Austria,bronze,Ficha_de_país_en_los_Juegos_Olímpicos,total,dbo:numberOfBronzeMedalsWon,dbo:numberOfOfficials,Correctly different mappings,xsd:nonNegativeInteger,xsd:nonNegativeInteger,0.1136,0.8864,0,0.8864,44,5,39,0,39,44,44
Infobox_Olympics_Greece,gold,Ficha_de_país_en_los_Juegos_Olímpicos,bronce,dbo:numberOfGoldMedalsWon,dbo:numberOfBronzeMedalsWon,Correctly different mappings,xsd:nonNegativeInteger,xsd:nonNegativeInteger,0.3125,0.6875,0.75,0.6875,16,5,11,12,11,16,16
Infobox_Olympics_Belgium,gold,Ficha_de_país_en_los_Juegos_Olímpicos,bronce,dbo:numberOfGoldMedalsWon,dbo:numberOfBronzeMedalsWon,Correctly different mappings,xsd:nonNegativeInteger,xsd:nonNegativeInteger,0.1852,0.8148,0.7778,0.8148,27,5,22,21,22,27,27
Infobox_Olympics_Greece,gold,Ficha_de_país_en_los_Juegos_Olímpicos,plata,dbo:numberOfGoldMedalsWon,dbo:numberOfSilverMedalsWon,Correctly different mappings,xsd:nonNegativeInteger,xsd:nonNegativeInteger,0.3125,0.6875,0.6875,0.6875,16,5,11,11,11,16,16
Infobox_Australian_road,length,Ficha_de_vía_de_transporte,largo,dbo:length,dbo:lineLength,Correct - Can be specialized,xsd:double,xsd:double,1,0,0,0,5,5,0,0,0,5,5
Infobox_color,g,Infobox_color,g,dbo:rgbCoordinateGreen,dbo:rgbCoordinateBlue,Correctly different mappings,xsd:nonNegativeInteger,xsd:nonNegativeInteger,1,0,1,1,5,5,0,5,5,5,5
Infobox_settlement,area_magnitude,Ficha_de_entidad_subnacional,población_met,dbo:area,dbo:populationMetro,Correctly different mappings,xsd:double,xsd:nonNegativeInteger,0.0847,0.9492,0.8983,0,59,5,56,53,0,59,59
Infobox_color,b,Infobox_color,b,dbo:rgbCoordinateBlue,dbo:rgbCoordinateGreen,Correctly different mappings,xsd:nonNegativeInteger,xsd:nonNegativeInteger,1,0,1,1,5,5,0,5,5,5,5
Infobox_color,c,Ficha_de_color,b,dbo:cmykCoordinateCyanic,dbo:rgbCoordinateGreen,Correctly different mappings,xsd:integer,xsd:nonNegativeInteger,0.0943,0.9057,0.9434,0.8302,53,5,48,50,44,53,53
Infobox_Olympics_Hungary,bronze,Ficha_de_país_en_los_Juegos_Olímpicos,total,dbo:numberOfBronzeMedalsWon,dbo:numberOfOfficials,Correctly different mappings,xsd:nonNegativeInteger,xsd:nonNegativeInteger,0.1613,0.8387,0,0.8387,31,5,26,0,26,31,31
Infobox_Olympics_Belgium,bronze,Ficha_de_país_en_los_Juegos_Olímpicos,oro,dbo:numberOfBronzeMedalsWon,dbo:numberOfGoldMedalsWon,Correctly different mappings,xsd:nonNegativeInteger,xsd:nonNegativeInteger,0.1923,0.8077,0.8077,0.8077,26,5,21,21,21,26,26
Infobox_station,rebuilt,Ficha_de_estación,inaugurada,dbo:rebuildingYear,dbo:openingYear,Correctly different mappings,xsd:gYear,xsd:gYear,0.0292,0.9883,0.9766,0,171,5,169,167,0,171,171
Infobox_Olympics_Switzerland,silver,Ficha_de_país_en_los_Juegos_Olímpicos,total,dbo:numberOfSilverMedalsWon,dbo:numberOfOfficials,Correctly different mappings,xsd:nonNegativeInteger,xsd:nonNegativeInteger,0.1111,0.8889,0,0.8889,45,5,40,0,40,45,45
Infobox_Olympics_Switzerland,bronze,Ficha_de_país_en_los_Juegos_Olímpicos,total,dbo:numberOfBronzeMedalsWon,dbo:numberOfOfficials,Correctly different mappings,xsd:nonNegativeInteger,xsd:nonNegativeInteger,0.1111,0.8889,0,0.8889,45,5,40,0,40,45,45
Infobox_color,s,Ficha_de_color,y,dbo:hsvCoordinateSaturation,dbo:cmykCoordinateYellow,Correctly different mappings,xsd:integer,xsd:integer,0.102,0.898,0.551,0.898,49,5,44,27,44,49,49
Infobox_Greek_Dimos,elevation_max,Ficha_de_isla,altitud,dbo:maximumElevation,dbo:elevation,Correctly different mappings,xsd:double,xsd:double,0.625,0.375,0,0,8,5,3,0,0,8,8
Infobox_Olympics_Hungary,bronze,Ficha_de_país_en_los_Juegos_Olímpicos,oro,dbo:numberOfBronzeMedalsWon,dbo:numberOfGoldMedalsWon,Correctly different mappings,xsd:nonNegativeInteger,xsd:nonNegativeInteger,0.1613,0.8387,0.8387,0.8387,31,5,26,26,26,31,31
Infobox_color,m,Ficha_de_color,k,dbo:cmykCoordinateMagenta,dbo:cmykCoordinateBlack,Correctly different mappings,xsd:integer,xsd:integer,0.1064,0.8936,0.8936,0.8511,47,5,42,42,40,47,47
Infobox_Olympics_Belgium,bronze,Ficha_de_país_en_los_Juegos_Olímpicos,total,dbo:numberOfBronzeMedalsWon,dbo:numberOfOfficials,Correctly different mappings,xsd:nonNegativeInteger,xsd:nonNegativeInteger,0.1923,0.8077,0,0.8077,26,5,21,0,21,26,26
Infobox_UK_station,code,Ficha_de_estación,código,dbo:agencyStationCode,dbo:code,Correct - Can be specialized,xsd:string,xsd:string,1,0,0,0,5,5,0,0,0,5,5
Infobox_ship_characteristics,Ship_beam,Ficha_de_barco,calado,dbo:shipBeam,dbo:shipDraft,Correctly different mappings,xsd:double,xsd:double,0.006,0.9988,0.4784,0.9844,832,5,831,398,819,832,832
Infobox_color,b,Ficha_de_color,m,dbo:rgbCoordinateBlue,dbo:cmykCoordinateMagenta,Correctly different mappings,xsd:nonNegativeInteger,xsd:integer,0.0962,0.9038,0.8077,1,52,5,47,42,52,52,52
Infobox_Olympics_Netherlands,silver,Ficha_de_país_en_los_Juegos_Olímpicos,total,dbo:numberOfSilverMedalsWon,dbo:numberOfOfficials,Correctly different mappings,xsd:nonNegativeInteger,xsd:nonNegativeInteger,0.1053,0.8947,0,0.8947,38,4,34,0,34,38,38
Infobox_Olympics_Greece,silver,Ficha_de_país_en_los_Juegos_Olímpicos,bronce,dbo:numberOfSilverMedalsWon,dbo:numberOfBronzeMedalsWon,Correctly different mappings,xsd:nonNegativeInteger,xsd:nonNegativeInteger,0.2353,0.7647,0.7647,0.7647,17,4,13,13,13,17,17
Infobox_French_commune,population,Ficha_de_entidad_subnacional,elevación_media,dbo:populationTotal,dbo:height,Correctly different mappings,xsd:nonNegativeInteger,xsd:double,0.0008,0.9992,0,0.9984,5114,4,5110,0,5106,5114,5114
Infobox_color,m,Ficha_de_color,s,dbo:cmykCoordinateMagenta,dbo:hsvCoordinateSaturation,Correctly different mappings,xsd:integer,xsd:integer,0.0755,0.9245,0.7358,0.8302,53,4,49,39,44,53,53
Infobox_Olympics_Italy,gold,Ficha_de_país_en_los_Juegos_Olímpicos,total,dbo:numberOfGoldMedalsWon,dbo:numberOfOfficials,Correctly different mappings,xsd:nonNegativeInteger,xsd:nonNegativeInteger,0.0952,0.9048,0,0.9048,42,4,38,0,38,42,42
Infobox_Olympics_Hungary,silver,Ficha_de_país_en_los_Juegos_Olímpicos,bronce,dbo:numberOfSilverMedalsWon,dbo:numberOfBronzeMedalsWon,Correctly different mappings,xsd:nonNegativeInteger,xsd:nonNegativeInteger,0.129,0.871,0.871,0.871,31,4,27,27,27,31,31
Infobox_settlement,area_water_sq_mi,Ficha_de_entidad_subnacional,población,dbo:areaWater,dbo:populationTotal,Correctly different mappings,xsd:double,xsd:nonNegativeInteger,0.0001,0.4699,0.999,0.0003,34562,4,16240,34527,10,34562,34562
Infobox_Olympics_Netherlands,bronze,Ficha_de_país_en_los_Juegos_Olímpicos,total,dbo:numberOfBronzeMedalsWon,dbo:numberOfOfficials,Correctly different mappings,xsd:nonNegativeInteger,xsd:nonNegativeInteger,0.1053,0.8947,0,0.8947,38,4,34,0,34,38,38
Infobox_Olympics_United_States,gold,Ficha_de_país_en_los_Juegos_Olímpicos,rank,dbo:numberOfGoldMedalsWon,dbo:rankInFinalMedalCount,Correctly different mappings,xsd:nonNegativeInteger,xsd:positiveInteger,0.2,0.8,0.8,0.8,20,4,16,16,16,20,20
Infobox_Olympics_Belgium,competitors,Ficha_de_país_en_los_Juegos_Olímpicos,deportes,dbo:numberOfCompetitors,dbo:numberOfSports,Correctly different mappings,xsd:nonNegativeInteger,xsd:nonNegativeInteger,0.0976,0.9024,0.9024,0.9268,41,4,37,37,38,41,41
Infobox_settlement,elevation_m,Ficha_de_entidad_subnacional,elevación_media,dbo:elevation,dbo:height,Wrong Mapping - Mapping Issue,xsd:double,xsd:double,0.5714,0.5714,0,0,7,4,4,0,0,7,7